,tweetNum,word,ner_iob,ner_tag,tag
0,0,i,O,,KeyNone
1,0,appreciate,O,,KeyNone
2,0,the,O,,KeyNone
3,0,love,O,,KeyNone
4,0,for,O,,KeyNone
5,0,hacking,O,,NEB
6,0,guys,O,,NEI
7,0,",",O,,KeyNone
8,0,but,O,,KeyNone
9,0,let,O,,KeyNone
10,0,'s,O,,KeyNone
11,0,not,O,,KeyNone
12,0,DDoS,O,,NEB
13,0,our,O,,KeyNone
14,0,own,O,,KeyNone
15,0,fkn,O,,NEB
16,0,stream,O,,NEI
17,0,.,O,,KeyNone
18,0,RIP,O,,KeyNone
19,0,#,O,,KeyNone
20,0,technotherapy,O,,NEB
21,0,w/,O,,KeyNone
22,0,@,O,,KeyNone
23,0,aboveandbeyond,O,,KeyNone
24,1,@,O,,KeyNone
25,1,i_oofficial,O,,KeyNone
26,1,is,O,,KeyNone
27,1,such,O,,KeyNone
28,1,a,O,,KeyNone
29,1,great,O,,NEB
30,1,hacker,O,,NEI
31,1,he,O,,KeyNone
32,1,made,O,,KeyNone
33,1,his,O,,KeyNone
34,1,viewers,B,ORG,KeyNone
35,1,DDOS,I,ORG,NEB
36,1,Group,I,ORG,NEI
37,1,Therapy,O,,NEO
38,1,for,O,,KeyNone
39,1,him,O,,KeyNone
40,2,Cybersecurity,B,ORG,NEB
41,2,Experts,I,ORG,KeyNone
42,2,Point,I,ORG,KeyNone
43,2,to,O,,KeyNone
44,2,Iran,B,GPE,NEB
45,2,for,O,,KeyNone
46,2,Bitcoin,O,,NEB
47,2,Ransomware,O,,NEI
48,2,-,O,,KeyNone
49,2,https,O,,KeyNone
50,3,Domain,O,,NEB
51,3,auction,O,,NEI
52,3,Domain,O,,KeyNone
53,3,name,B,ORG,KeyNone
54,3,:,O,,KeyNone
55,3,https,O,,KeyNone
56,3,:,O,,KeyNone
57,3,//t.co/zZdYBVk4ol,O,,KeyNone
58,3,Start,O,,KeyNone
59,3,:,O,,KeyNone
60,3,$,O,,KeyNone
61,3,150,B,MONEY,KeyNone
62,3,Reserve,O,,NEB
63,3,price,B,ORG,NEI
64,3,:,O,,KeyNone
65,3,TBA,O,,KeyNone
66,3,To,B,ORG,KeyNone
67,3,be,O,,KeyNone
68,3,the,O,,KeyNone
69,3,first,O,,KeyNone
70,3,person,O,,KeyNone
71,3,to,B,ORDINAL,KeyNone
72,3,bid,O,,KeyNone
73,3,reply,O,,KeyNone
74,3,on,O,,KeyNone
75,3,Twitter,O,,NEB
76,3,in,O,,KeyNone
77,3,comments,B,PERSON,KeyNone
78,3,with,I,PERSON,KeyNone
79,3,hugeleak,O,,NEB
80,3,$,O,,KeyNone
81,3,150,O,,KeyNone
82,3,.,O,,KeyNone
83,3,Auction,O,,KeyNone
84,3,ends,O,,KeyNone
85,3,3rd,B,MONEY,KeyNone
86,3,September,O,,NEB
87,3,#,O,,KeyNone
88,3,domainauction,O,,NEB
89,3,#,O,,KeyNone
90,3,domains,B,ORDINAL,KeyNone
91,4,#,B,MONEY,KeyNone
92,4,Depressed,I,MONEY,KeyNone
93,4,#,I,MONEY,KeyNone
94,4,Security,O,,NEB
95,4,Researcher,O,,NEI
96,4,Drops,O,,KeyNone
97,4,Serious,O,,KeyNone
98,4,#,O,,KeyNone
99,4,0Day,O,,KeyNone
100,4,for,O,,KeyNone
101,4,fully,O,,KeyNone
102,4,patched,O,,KeyNone
103,4,#,B,MONEY,KeyNone
104,4,Windows,I,MONEY,NEB
105,4,#,I,MONEY,NEI
106,4,Exploit,O,,KeyNone
107,4,On,O,,KeyNone
108,4,Twitter,O,,NEO
109,4,with,O,,KeyNone
110,4,#,B,MONEY,KeyNone
111,4,ProofOfConcept,I,MONEY,NEB
112,4,Code,I,MONEY,NEO
113,4,#,O,,KeyNone
114,4,CERT,O,,NEB
115,4,verified,B,ORG,NEO
116,4,the,O,,KeyNone
117,4,exploit,O,,KeyNone
118,4,code,O,,KeyNone
119,4,as,O,,KeyNone
120,4,local,O,,KeyNone
121,4,privilege,O,,NEB
122,4,escalation,O,,NEO
123,4,https,O,,KeyNone
124,4,:,O,,KeyNone
125,4,//t.co/U3cip4WdiY,O,,KeyNone
126,4,https,O,,KeyNone
127,5,An,O,,KeyNone
128,5,infinite,O,,NEB
129,5,loop,O,,NEI
130,5,vulnerability,O,,NEO
131,5,was,O,,KeyNone
132,5,found,O,,KeyNone
133,5,in,O,,KeyNone
134,5,libtirpc,O,,NEB
135,5,before,O,,KeyNone
136,5,version,O,,NEI
137,5,1.0.2-rc2,O,,NEO
138,5,that,O,,KeyNone
139,5,allows,O,,KeyNone
140,5,server,O,,KeyNone
141,5,to,O,,KeyNone
142,5,enter,O,,KeyNone
143,5,an,O,,KeyNone
144,5,infinite,O,,KeyNone
145,5,loop,O,,KeyNone
146,5,.,O,,KeyNone
147,5,https,O,,KeyNone
148,5,:,B,CARDINAL,KeyNone
149,5,//t.co/fcZ4vzm1VA,O,,KeyNone
150,5,#,O,,KeyNone
151,5,cybersecurity,O,,NEB
152,6,https,O,,KeyNone
153,6,:,O,,KeyNone
154,6,//t.co/YgB9MJNChW,O,,KeyNone
155,6,uses,O,,KeyNone
156,6,ad-blocker,O,,NEB
157,6,bypass,O,,KeyNone
158,6,technology,O,,KeyNone
159,6,which,O,,KeyNone
160,6,increases,O,,KeyNone
161,6,your,O,,KeyNone
162,6,vulnerability,O,,NEB
163,6,to,O,,KeyNone
164,6,infection,O,,NEI
165,6,from,O,,KeyNone
166,6,#,B,MONEY,KeyNone
167,6,malvertising,I,MONEY,NEB
168,6,(,O,,KeyNone
169,6,malicious,O,,NEI
170,6,ads,O,,NEO
171,6,),O,,KeyNone
172,6,#,O,,KeyNone
173,6,cybersecurity,B,CARDINAL,NEB
174,6,#,O,,KeyNone
175,6,business,B,MONEY,KeyNone
176,6,#,I,MONEY,KeyNone
177,6,smallbiz,O,,NEB
178,6,#,O,,KeyNone
179,6,startup,B,MONEY,NEO
180,6,https,I,MONEY,KeyNone
181,6,:,O,,KeyNone
182,7,Hey,O,,KeyNone
183,7,@,O,,KeyNone
184,7,Jack,O,,NEB
185,7,-,O,,KeyNone
186,7,which,O,,KeyNone
187,7,one,O,,KeyNone
188,7,of,O,,KeyNone
189,7,these,O,,KeyNone
190,7,is,O,,KeyNone
191,7,code,O,,NEB
192,7,for,O,,KeyNone
193,7,``,O,,KeyNone
194,7,this,O,,KeyNone
195,7,is,O,,KeyNone
196,7,clearly,O,,KeyNone
197,7,an,O,,KeyNone
198,7,account,O,,NEB
199,7,created,O,,NEO
200,7,by,O,,KeyNone
201,7,a,O,,KeyNone
202,7,botnet,O,,NEB
203,7,along,O,,KeyNone
204,7,with,O,,KeyNone
205,7,the,O,,KeyNone
206,7,other,B,CARDINAL,KeyNone
207,7,15,O,,KeyNone
208,7,accounts,O,,KeyNone
209,7,that,O,,KeyNone
210,7,just,O,,KeyNone
211,7,followed,O,,KeyNone
212,7,me,O,,KeyNone
213,7,'',O,,KeyNone
214,7,?,O,,KeyNone
215,8,Grrrr,B,ORG,NEB
216,8,ddos,O,,NEI
217,8,threat,O,,NEI
218,9,Tango,O,,NEO
219,9,Down,O,,KeyNone
220,9,#,O,,KeyNone
221,9,MalwareMustDie,O,,NEB
222,9,https,O,,KeyNone
223,9,:,O,,KeyNone
224,10,@,O,,KeyNone
225,10,thelilpanda,O,,NEB
226,10,@,O,,KeyNone
227,10,Jatheish,O,,NEI
228,10,@,O,,KeyNone
229,10,bubblywums,O,,NEI
230,10,@,O,,KeyNone
231,10,survivetheark,O,,NEO
232,10,Can,O,,KeyNone
233,10,you,O,,KeyNone
234,10,please,O,,KeyNone
235,10,fix,B,CARDINAL,KeyNone
236,10,PS4,O,,NEB
237,10,809,O,,KeyNone
238,10,OC,O,,KeyNone
239,10,abb,O,,NEB
240,10,sever,O,,NEO
241,10,.,O,,KeyNone
242,10,It,O,,KeyNone
243,10,has,O,,KeyNone
244,10,been,O,,KeyNone
245,10,down,B,DATE,KeyNone
246,10,for,I,DATE,KeyNone
247,10,over,I,DATE,KeyNone
248,10,a,O,,KeyNone
249,10,week,O,,KeyNone
250,10,.,O,,KeyNone
251,10,Been,O,,KeyNone
252,10,ddos,O,,NEB
253,10,attacked,O,,NEO
254,10,on/off,O,,KeyNone
255,10,please,O,,KeyNone
256,10,reset,O,,KeyNone
257,10,ips,O,,NEB
258,10,.,O,,KeyNone
259,10,Filled,O,,KeyNone
260,10,out,O,,KeyNone
261,10,outage,O,,KeyNone
262,10,forms,O,,KeyNone
263,10,still,O,,KeyNone
264,10,NO,O,,KeyNone
265,10,response,O,,KeyNone
266,10,.,O,,KeyNone
267,10,#,O,,KeyNone
268,10,StopDDoS,O,,NEB
269,11,@,O,,KeyNone
270,11,ComfortablySmug,O,,NEB
271,11,DON,O,,KeyNone
272,11,'',O,,KeyNone
273,11,T,O,,KeyNone
274,11,CLICK,O,,KeyNone
275,12,Source,O,,NEB
276,12,code,O,,NEI
277,12,to,O,,KeyNone
278,12,``,O,,KeyNone
279,12,Locky,B,PERSON,KeyNone
280,12,'',O,,KeyNone
281,12,ransomware,O,,NEB
282,12,#,O,,KeyNone
283,12,security,B,MONEY,KeyNone
284,12,#,I,MONEY,KeyNone
285,12,networksecurity,I,MONEY,NEB
286,12,#,I,MONEY,KeyNone
287,12,cybersecurity,I,MONEY,NEI
288,12,#,O,,KeyNone
289,12,virus,B,MONEY,NEI
290,12,#,I,MONEY,KeyNone
291,12,malware,O,,NEO
292,12,#,O,,KeyNone
293,12,locky,B,MONEY,KeyNone
294,12,#,I,MONEY,KeyNone
295,12,ransomware,I,MONEY,KeyNone
296,12,#,I,MONEY,KeyNone
297,12,RansomwareProtection,I,MONEY,NEB
298,12,https,B,ORG,KeyNone
299,12,:,O,,KeyNone
300,13,Android,O,,NEB
301,13,vulnerability,O,,NEI
302,13,exposes,O,,KeyNone
303,13,users,O,,KeyNone
304,13,data,O,,KeyNone
305,13,via,O,,KeyNone
306,13,WiFi,O,,NEB
307,13,https,O,,KeyNone
308,13,:,O,,KeyNone
309,13,//t.co/R9BjG4emtw,O,,KeyNone
310,13,#,O,,KeyNone
311,13,Cybersecurity,O,,KeyNone
312,13,#,O,,KeyNone
313,13,cyber,O,,KeyNone
314,13,#,O,,KeyNone
315,13,infosec,O,,NEB
316,13,#,O,,KeyNone
317,13,security,O,,NEI
318,13,#,B,MONEY,KeyNone
319,13,privacy,I,MONEY,NEI
320,13,#,I,MONEY,KeyNone
321,13,risk,O,,KeyNone
322,14,Hacker,B,PERSON,KeyNone
323,14,Discloses,I,PERSON,NEB
324,14,Unpatched,I,PERSON,NEI
325,14,Windows,O,,NEI
326,14,Zero-Day,B,DATE,NEI
327,14,Vulnerability,I,DATE,NEO
328,14,(,I,DATE,KeyNone
329,14,With,I,DATE,KeyNone
330,14,PoC,O,,NEB
331,14,),O,,KeyNone
332,14,(,O,,KeyNone
333,14,via,O,,KeyNone
334,14,@,O,,KeyNone
335,14,TheHackersNews,O,,NEB
336,14,),O,,KeyNone
337,14,https,O,,KeyNone
338,14,:,O,,KeyNone
339,14,//t.co/NAGRdKOvyG,O,,KeyNone
340,15,@,O,,KeyNone
341,15,Bricaine,B,ORG,NEB
342,15,DDOS,O,,NEO
343,15,maybe,O,,KeyNone
344,15,or,O,,KeyNone
345,15,just,O,,KeyNone
346,15,too,O,,KeyNone
347,15,many,O,,KeyNone
348,15,people,O,,KeyNone
349,15,trying,O,,KeyNone
350,15,to,O,,KeyNone
351,15,install,O,,KeyNone
352,15,mw2,O,,NEB
353,15,but,O,,KeyNone
354,15,this,O,,KeyNone
355,15,issue,O,,KeyNone
356,15,has,O,,KeyNone
357,15,messed,O,,KeyNone
358,15,up,O,,KeyNone
359,15,my,B,PERSON,KeyNone
360,15,Xbox,O,,NEB
361,15,console,O,,KeyNone
362,15,itself,O,,KeyNone
363,15,like,O,,KeyNone
364,15,it,O,,KeyNone
365,15,works,O,,KeyNone
366,15,but,O,,KeyNone
367,15,it,O,,KeyNone
368,15,struggles,O,,NEB
369,15,to,O,,KeyNone
370,15,load,O,,NEO
371,15,or,O,,KeyNone
372,15,even,O,,KeyNone
373,16,Bank,B,ORG,NEB
374,16,of,I,ORG,KeyNone
375,16,Spain,I,ORG,NEO
376,16,Hit,I,ORG,KeyNone
377,16,by,O,,KeyNone
378,16,DDoS,O,,NEB
379,16,Attack,O,,NEO
380,16,https,O,,KeyNone
381,17,Im,O,,KeyNone
382,17,going,O,,KeyNone
383,17,to,O,,KeyNone
384,17,probably,O,,KeyNone
385,17,cancel,O,,KeyNone
386,17,the,O,,KeyNone
387,17,3D,O,,NEB
388,17,arcadestick,O,,NEI
389,17,run,O,,NEO
390,17,to,O,,KeyNone
391,17,another,O,,KeyNone
392,17,date,O,,KeyNone
393,17,next,O,,KeyNone
394,17,week,B,DATE,KeyNone
395,17,.,I,DATE,KeyNone
396,17,Im,O,,KeyNone
397,17,scared,O,,KeyNone
398,17,my,O,,KeyNone
399,17,isp,O,,NEB
400,17,will,O,,KeyNone
401,17,ddos,O,,NEB
402,17,me,O,,KeyNone
403,17,and,O,,KeyNone
404,17,theyll,O,,KeyNone
405,17,cut,O,,KeyNone
406,17,it,O,,KeyNone
407,17,short,O,,KeyNone
408,17,well,O,,KeyNone
409,17,try,O,,KeyNone
410,17,it,O,,KeyNone
411,17,sometime,O,,NEB
412,17,next,O,,NEI
413,17,week,O,,NEO
414,18,A,O,,KeyNone
415,18,new,O,,KeyNone
416,18,vulnerability,O,,NEB
417,18,in,O,,KeyNone
418,18,Alexa,B,GPE,NEI
419,18,allows,O,,KeyNone
420,18,phishing,O,,NEB
421,18,attacks,O,,NEI
422,18,to,O,,KeyNone
423,18,trick,O,,KeyNone
424,18,users,O,,KeyNone
425,18,into,O,,KeyNone
426,18,sending,O,,KeyNone
427,18,their,O,,KeyNone
428,18,secure,O,,NEB
429,18,credentials,O,,NEI
430,18,.,O,,KeyNone
431,18,This,O,,KeyNone
432,18,trick,O,,KeyNone
433,18,called,O,,KeyNone
434,18,``,O,,KeyNone
435,18,Echosquatting,B,WORK_OF_ART,NEB
436,18,'',O,,KeyNone
437,18,and,O,,KeyNone
438,18,allows,O,,KeyNone
439,18,hackers,O,,NEB
440,18,to,O,,KeyNone
441,18,hide,O,,KeyNone
442,18,malware,O,,NEB
443,18,over,O,,KeyNone
444,18,a,O,,KeyNone
445,18,certain,O,,KeyNone
446,18,skill,O,,KeyNone
447,18,.,O,,KeyNone
448,18,Always,O,,KeyNone
449,18,stay,O,,KeyNone
450,18,up-to-date,O,,KeyNone
451,18,so,O,,KeyNone
452,18,you,O,,KeyNone
453,18,know,O,,KeyNone
454,18,what,O,,KeyNone
455,18,to,O,,KeyNone
456,18,look,O,,KeyNone
457,18,for,O,,KeyNone
458,18,!,O,,KeyNone
459,18,https,O,,KeyNone
460,18,:,O,,KeyNone
461,18,//t.co/chTaSFIwU5,O,,KeyNone
462,19,Alert,O,,KeyNone
463,19,!,O,,KeyNone
464,19,Be,O,,KeyNone
465,19,prepared,O,,KeyNone
466,19,against,O,,KeyNone
467,19,#,B,CARDINAL,KeyNone
468,19,OSS,B,ORG,NEB
469,19,vulnerabilities,O,,NEI
470,20,CVE-2018-16276,O,,NEO
471,20,An,O,,KeyNone
472,20,issue,O,,KeyNone
473,20,was,O,,KeyNone
474,20,discovered,O,,KeyNone
475,20,in,O,,KeyNone
476,20,yurex_read,O,,NEB
477,20,in,O,,KeyNone
478,20,drivers/usb/misc/yurex.c,O,,KeyNone
479,20,in,O,,KeyNone
480,20,the,O,,KeyNone
481,20,Linux,O,,NEB
482,20,kernel,O,,NEI
483,20,before,O,,KeyNone
484,20,4.17.7,O,,KeyNone
485,20,.,O,,KeyNone
486,20,Local,O,,NEB
487,20,attackers,O,,NEI
488,20,could,O,,KeyNone
489,20,use,O,,KeyNone
490,20,user,B,GPE,KeyNone
491,20,access,O,,KeyNone
492,20,read/writes,O,,KeyNone
493,20,with,B,CARDINAL,KeyNone
494,20,incorrect,O,,KeyNone
495,20,bounds,O,,NEB
496,20,checking,O,,NEI
497,20,in,O,,KeyNone
498,20,the,O,,KeyNone
499,20,yurex,O,,NEB
500,20,USB,O,,NEI
501,20,...,O,,KeyNone
502,20,https,O,,KeyNone
503,20,:,O,,KeyNone
504,20,//t.co/hwpuTM6OOf,O,,KeyNone
505,20,Vulmon,O,,NEB
506,20,Vulnerability,O,,NEI
507,20,Feed,O,,KeyNone
508,20,(,O,,KeyNone
509,20,Vul,O,,KeyNone
510,21,GlobeImposter,B,ORG,NEB
511,21,ransomware,O,,NEI
512,21,attack,O,,NEO
513,21,w/,O,,KeyNone
514,21,high-intensity,O,,NEB
515,21,data,O,,NEI
516,21,encryption,O,,NEI
517,21,algorithm,O,,NEO
518,21,",",O,,KeyNone
519,21,numerous,O,,KeyNone
520,21,variants,O,,KeyNone
521,21,!,O,,KeyNone
522,21,#,O,,KeyNone
523,21,Cyberthreats,O,,NEB
524,21,#,B,MONEY,KeyNone
525,21,Cybercrime,I,MONEY,NEB
526,21,#,I,MONEY,KeyNone
527,21,SMB,I,MONEY,NEI
528,21,#,I,MONEY,KeyNone
529,21,Cybersecurity,I,MONEY,NEI
530,21,GlobeImposter,I,MONEY,NEO
531,21,which,O,,KeyNone
532,21,has,O,,KeyNone
533,21,more,B,ORG,KeyNone
534,21,than,O,,KeyNone
535,21,20,O,,KeyNone
536,21,variants,B,CARDINAL,KeyNone
537,21,",",I,CARDINAL,KeyNone
538,21,is,I,CARDINAL,KeyNone
539,21,still,O,,KeyNone
540,21,wildly,O,,KeyNone
541,21,growing,O,,KeyNone
542,21,|,O,,KeyNone
543,21,360,O,,KeyNone
544,21,Total,O,,KeyNone
545,21,Security,O,,KeyNone
546,21,Blog,B,CARDINAL,KeyNone
547,21,https,O,,KeyNone
548,21,:,O,,KeyNone
549,21,//t.co/tYPzHuXmOT,O,,KeyNone
550,21,via,O,,KeyNone
551,21,@,O,,KeyNone
552,21,360totalsec,O,,NEB
553,22,Hacker,B,PERSON,NEB
554,22,Discloses,I,PERSON,NEI
555,22,Unpatched,I,PERSON,NEO
556,22,Windows,O,,NEB
557,22,Zero-Day,B,DATE,NEI
558,22,Vulnerability,I,DATE,NEO
559,22,(,I,DATE,KeyNone
560,22,With,I,DATE,KeyNone
561,22,PoC,O,,NEB
562,22,),O,,KeyNone
563,22,https,O,,KeyNone
564,22,:,O,,KeyNone
565,22,//t.co/Zyh3z6so5z,O,,KeyNone
566,23,WordPress,B,ORG,NEB
567,23,REST,I,ORG,NEI
568,23,API,I,ORG,NEO
569,23,0day,O,,NEB
570,23,Exploit,B,PRODUCT,NEO
571,23,is,O,,KeyNone
572,23,Out,O,,KeyNone
573,23,https,O,,KeyNone
574,23,:,B,MONEY,KeyNone
575,23,//t.co/Am3uICtkXD,I,MONEY,KeyNone
576,23,#,I,MONEY,KeyNone
577,23,freelancewebdesigner,O,,NEB
578,23,#,O,,KeyNone
579,23,webdesigner,O,,NEB
580,23,#,B,MONEY,KeyNone
581,23,webdeveloper,I,MONEY,NEI
582,23,#,B,MONEY,KeyNone
583,23,ecommerce,I,MONEY,NEO
584,23,#,I,MONEY,KeyNone
585,23,singapore,I,MONEY,NEB
586,24,@,O,,KeyNone
587,24,prateek_0490,O,,NEB
588,24,can,O,,KeyNone
589,24,we,O,,KeyNone
590,24,report,O,,KeyNone
591,24,vulnerability,O,,NEB
592,24,in,O,,KeyNone
593,24,a,O,,KeyNone
594,24,domain,O,,KeyNone
595,24,which,O,,KeyNone
596,24,is,O,,KeyNone
597,24,neither,O,,KeyNone
598,24,included,O,,KeyNone
599,24,in,O,,KeyNone
600,24,out-scope,O,,NEB
601,24,nor,O,,KeyNone
602,24,in-scope,O,,NEB
603,24,.,O,,KeyNone
604,25,whichever,O,,KeyNone
605,25,one,O,,KeyNone
606,25,of,O,,KeyNone
607,25,you,O,,KeyNone
608,25,little,O,,NEB
609,25,freaks,O,,NEI
610,25,decided,O,,NEO
611,25,to,O,,KeyNone
612,25,test,O,,KeyNone
613,25,run,O,,KeyNone
614,25,your,O,,KeyNone
615,25,DDOS,B,ORG,NEB
616,25,attack,O,,NEO
617,25,on,O,,KeyNone
618,25,the,O,,KeyNone
619,25,campus,O,,NEB
620,25,SSH,B,ORG,NEI
621,25,systems,O,,NEO
622,25,ON,O,,KeyNone
623,25,A,O,,KeyNone
624,25,FRIDAY,B,ORG,NEB
625,25,AFTERNOON,O,,NEI
626,25,can,O,,KeyNone
627,25,eat,O,,KeyNone
628,25,my,O,,KeyNone
629,25,entire,O,,NEB
630,25,ass,O,,NEI
631,26,@,O,,KeyNone
632,26,Rainbow6Game,O,,NEB
633,26,@,O,,KeyNone
634,26,OnlyyL4uRa7,O,,NEI
635,26,Ddos,O,,NEO
636,26,for,O,,KeyNone
637,26,get,O,,KeyNone
638,26,the,O,,KeyNone
639,27,@,O,,KeyNone
640,27,sickubus,O,,NEB
641,27,@,O,,KeyNone
642,27,YourFavNatty,O,,NEI
643,27,nice,O,,KeyNone
644,28,https,O,,KeyNone
645,28,:,O,,KeyNone
646,28,//t.co/8Bkmzqf4iP,B,ORG,KeyNone
647,28,#,O,,KeyNone
648,28,FCC,O,,NEB
649,28,claims,O,,KeyNone
650,28,of,O,,KeyNone
651,28,DDoS,O,,NEB
652,28,net,O,,NEI
653,28,neutrality,O,,NEI
654,28,attack,O,,NEO
655,28,were,O,,KeyNone
656,28,'bogus,O,,NEB
657,28,',B,MONEY,KeyNone
658,28,#,I,MONEY,KeyNone
659,28,fmcos,I,MONEY,NEB
660,28,#,O,,KeyNone
661,29,CVE-2018-16278,O,,NEB
662,29,phpkaiyuancms,O,,NEI
663,29,PhpOpenSourceCMS,O,,NEO
664,29,(,O,,KeyNone
665,29,POSCMS,O,,NEB
666,29,),O,,KeyNone
667,29,V3.2.0,O,,NEI
668,29,allows,B,ORG,KeyNone
669,29,an,O,,KeyNone
670,29,unauthenticated,B,PERSON,NEB
671,29,user,O,,NEI
672,29,to,O,,KeyNone
673,29,execute,O,,KeyNone
674,29,arbitrary,O,,NEB
675,29,SQL,O,,NEI
676,29,commands,O,,NEO
677,29,via,O,,KeyNone
678,29,the,B,ORG,KeyNone
679,29,diy/module/member/controllers/Api.php,O,,KeyNone
680,29,ajax_save_draft,O,,NEB
681,29,function,O,,KeyNone
682,29,with,O,,KeyNone
683,29,the,O,,KeyNone
684,29,dir,O,,KeyNone
685,29,par,O,,KeyNone
686,29,...,O,,KeyNone
687,29,https,O,,KeyNone
688,29,:,O,,KeyNone
689,29,//t.co/ufBhE4qOG7,O,,KeyNone
690,29,Vulmon,O,,NEB
691,29,Vulnerability,O,,NEI
692,29,Feed,O,,KeyNone
693,29,(,O,,KeyNone
694,29,Vul,O,,KeyNone
695,30,HMC,O,,NEB
696,30,Says,O,,KeyNone
697,30,Ransomware,B,PERSON,NEB
698,30,Attack,I,PERSON,NEO
699,30,Turned,I,PERSON,KeyNone
700,30,Into,O,,KeyNone
701,30,Healthcare,O,,NEB
702,30,Data,O,,NEI
703,30,Breach,O,,NEO
704,30,https,O,,KeyNone
705,31,Necurs,O,,NEB
706,31,botnet,O,,NEI
707,31,linked,O,,KeyNone
708,31,to,O,,KeyNone
709,31,banking,O,,NEB
710,31,spam,O,,NEI
711,31,campaign,O,,NEO
712,31,https,O,,KeyNone
713,31,:,O,,KeyNone
714,31,//t.co/yhFNzx0UlT,O,,KeyNone
715,32,CVE-2018-13871,O,,NEB
716,32,(,O,,KeyNone
717,32,hdf5,O,,NEI
718,32,),O,,KeyNone
719,32,https,O,,KeyNone
720,32,:,O,,KeyNone
721,32,//t.co/8Sgk64YKH1,O,,KeyNone
722,32,An,O,,KeyNone
723,32,issue,O,,NEB
724,32,was,O,,KeyNone
725,32,discovered,O,,NEB
726,32,in,O,,KeyNone
727,32,the,O,,KeyNone
728,32,HDF,O,,NEB
729,32,HDF5,O,,NEI
730,32,1.8.20,B,ORG,KeyNone
731,32,library,O,,NEO
732,32,.,B,CARDINAL,KeyNone
733,32,There,O,,KeyNone
734,32,is,O,,KeyNone
735,32,a,O,,KeyNone
736,32,heap-based,O,,NEB
737,32,buffer,O,,NEI
738,32,overflow,O,,NEI
739,33,CVE-2018-13872,O,,NEO
740,33,(,O,,KeyNone
741,33,hdf5,O,,NEB
742,33,),O,,KeyNone
743,33,https,O,,KeyNone
744,33,:,O,,KeyNone
745,33,//t.co/DMQAWn1dsR,O,,KeyNone
746,33,An,O,,KeyNone
747,33,issue,O,,NEB
748,33,was,O,,KeyNone
749,33,discovered,O,,NEB
750,33,in,O,,KeyNone
751,33,the,O,,KeyNone
752,33,HDF,O,,NEB
753,33,HDF5,O,,NEI
754,33,1.8.20,B,ORG,KeyNone
755,33,library,O,,NEO
756,33,.,B,CARDINAL,KeyNone
757,33,There,O,,KeyNone
758,33,is,O,,KeyNone
759,33,a,O,,KeyNone
760,33,heap-based,O,,NEB
761,33,buffer,O,,NEI
762,33,overflow,O,,NEI
763,34,CVE-2018-13874,O,,NEO
764,34,(,O,,KeyNone
765,34,hdf5,O,,NEB
766,34,),O,,KeyNone
767,34,https,O,,KeyNone
768,34,:,O,,KeyNone
769,34,//t.co/u0MwPDiHBn,O,,KeyNone
770,34,An,O,,KeyNone
771,34,issue,O,,NEB
772,34,was,O,,KeyNone
773,34,discovered,O,,NEB
774,34,in,O,,KeyNone
775,34,the,O,,KeyNone
776,34,HDF,O,,NEB
777,34,HDF5,O,,NEI
778,34,1.8.20,B,ORG,KeyNone
779,34,library,O,,NEO
780,34,.,B,CARDINAL,KeyNone
781,34,There,O,,KeyNone
782,34,is,O,,KeyNone
783,34,a,O,,KeyNone
784,34,stack-based,O,,NEB
785,34,buffer,O,,NEI
786,34,overflow,O,,NEO
787,35,GlobeImposter,B,ORG,NEB
788,35,ransomware,O,,NEO
789,35,with,O,,KeyNone
790,35,high-intensity,O,,NEB
791,35,data,O,,NEI
792,35,encryption,O,,NEO
793,35,&,O,,KeyNone
794,35,amp,O,,NEB
796,35,numerous,O,,NEI
797,35,variants,O,,NEO
798,35,!,O,,KeyNone
799,35,#,O,,KeyNone
800,35,Cyberattack,O,,NEB
801,35,#,O,,KeyNone
802,35,Cybercrime,O,,NEB
803,35,#,B,MONEY,KeyNone
804,35,Hackers,I,MONEY,NEB
805,35,#,I,MONEY,KeyNone
806,35,SMB,I,MONEY,NEB
807,35,#,I,MONEY,KeyNone
808,35,Cybersecurity,I,MONEY,NEB
809,35,GlobeImposter,I,MONEY,NEO
810,35,which,O,,KeyNone
811,35,has,O,,KeyNone
812,35,more,B,ORG,KeyNone
813,35,than,O,,KeyNone
814,35,20,O,,KeyNone
815,35,variants,B,CARDINAL,KeyNone
816,35,",",I,CARDINAL,KeyNone
817,35,is,I,CARDINAL,KeyNone
818,35,still,O,,KeyNone
819,35,wildly,O,,KeyNone
820,35,growing,O,,KeyNone
821,35,|,O,,KeyNone
822,35,360,O,,KeyNone
823,35,Total,O,,KeyNone
824,35,Security,O,,KeyNone
825,35,Blog,B,CARDINAL,KeyNone
826,35,https,O,,KeyNone
827,35,:,O,,KeyNone
828,35,//t.co/wI54NxTrh7,O,,KeyNone
829,35,via,O,,KeyNone
830,35,@,O,,KeyNone
831,35,360totalsec,O,,NEB
832,36,Browser,O,,NEI
833,36,extensions,O,,NEO
834,36,seem,O,,KeyNone
835,36,like,O,,KeyNone
836,36,a,O,,KeyNone
837,36,massive,O,,KeyNone
838,36,security,O,,NEB
839,36,vulnerability,O,,NEI
840,36,sitting,O,,KeyNone
841,36,right,O,,KeyNone
842,36,under,O,,KeyNone
843,36,our,O,,KeyNone
844,36,noses,O,,KeyNone
845,36,.,O,,KeyNone
846,36,Like,O,,KeyNone
847,36,those,O,,KeyNone
848,36,things,O,,KeyNone
849,36,can,O,,KeyNone
850,36,run,O,,KeyNone
851,36,arbitrary,O,,KeyNone
852,36,javascript,O,,NEB
853,36,on,O,,KeyNone
854,36,any,O,,KeyNone
855,36,site,O,,KeyNone
856,36,you,O,,KeyNone
857,36,visit,O,,KeyNone
858,36,and,O,,KeyNone
859,36,could,O,,KeyNone
860,36,even,O,,KeyNone
861,36,track,O,,KeyNone
862,36,keystrokes,O,,NEB
863,36,in,O,,KeyNone
864,36,password,O,,NEB
865,36,fields,O,,NEI
866,37,CVE-2018-3787,O,,NEB
867,37,Path,O,,NEI
868,37,traversal,O,,NEO
869,37,in,O,,KeyNone
870,37,simplehttpserver,B,GPE,NEB
871,37,&,O,,KeyNone
872,37,lt,O,,KeyNone
874,37,v0.2.1,O,,NEB
875,37,allows,O,,KeyNone
876,37,listing,O,,KeyNone
877,37,any,O,,KeyNone
878,37,file,O,,KeyNone
879,37,on,O,,KeyNone
880,37,the,O,,KeyNone
881,37,server.https,O,,KeyNone
882,37,:,O,,KeyNone
883,37,//t.co/smTZrF1VYK,O,,KeyNone
884,37,Vulmon,O,,NEB
885,37,Vulnerability,O,,NEO
886,37,Feed,O,,KeyNone
887,37,(,O,,KeyNone
888,37,VulmonFeeds,B,ORG,NEB
889,37,),O,,KeyNone
890,37,August,B,DATE,NEB
891,37,31,I,DATE,KeyNone
892,37,",",I,DATE,KeyNone
893,37,2018,I,DATE,KeyNone
894,38,caption,O,,KeyNone
895,38,this,O,,KeyNone
896,38,https,O,,KeyNone
897,38,:,O,,KeyNone
898,39,This,O,,KeyNone
899,39,time,O,,KeyNone
900,39,is,O,,KeyNone
901,39,BIG,B,ORG,KeyNone
902,39,and,O,,KeyNone
903,39,(,O,,KeyNone
904,39,at,O,,KeyNone
905,39,least,O,,KeyNone
906,39,in,O,,KeyNone
907,39,my,O,,KeyNone
908,39,PoV,B,GPE,NEB
909,39,),O,,KeyNone
910,39,remarkable,O,,KeyNone
911,39,!,O,,KeyNone
912,39,Hacking,O,,NEB
913,39,the,O,,KeyNone
914,39,Attacker,O,,NEB
915,39,is,B,PERSON,KeyNone
916,39,a,O,,KeyNone
917,39,way,O,,KeyNone
918,39,to,O,,KeyNone
919,39,help,O,,KeyNone
920,39,victims,O,,NEB
921,39,and,O,,KeyNone
922,39,quickly,O,,KeyNone
923,39,block,O,,NEB
924,39,threats,O,,NEI
925,39,.,O,,KeyNone
926,39,#,O,,KeyNone
927,39,malwaresecuritynews,B,MONEY,NEB
928,39,#,I,MONEY,KeyNone
929,39,ReverseEngineering,I,MONEY,NEB
930,39,#,I,MONEY,KeyNone
931,39,malware,I,MONEY,NEB
932,39,#,O,,KeyNone
933,39,botnet,B,MONEY,NEI
934,39,#,I,MONEY,KeyNone
935,39,CyberSecurity,I,MONEY,NEB
936,39,Hacking,B,ORG,NEI
937,39,The,O,,KeyNone
938,39,Hacker,B,PERSON,NEB
939,39,.,I,PERSON,KeyNone
940,39,Stopping,I,PERSON,KeyNone
941,39,a,O,,KeyNone
942,39,big,O,,KeyNone
943,39,botnet,O,,NEB
944,39,targeting,O,,NEO
945,39,https,O,,KeyNone
946,39,:,O,,KeyNone
947,39,//t.co/pbkDG5YCoh,O,,KeyNone
948,40,DDoS,O,,NEB
949,40,attack,O,,NEO
950,40,from,O,,KeyNone
951,40,Anonymous,B,FAC,KeyNone
952,40,Catalonia,I,FAC,NEB
953,40,cripples,O,,KeyNone
954,40,Bank,B,ORG,NEB
955,40,of,I,ORG,KeyNone
956,40,Spain,I,ORG,NEI
957,40,website,O,,NEO
958,40,https,O,,KeyNone
959,41,Android,O,,NEB
960,41,vulnerability,O,,NEO
961,41,exposes,O,,KeyNone
962,41,users,O,,KeyNone
963,41,data,O,,KeyNone
964,41,via,O,,KeyNone
965,41,WiFi,O,,NEB
966,41,https,O,,KeyNone
967,42,Financial,B,ORG,NEB
968,42,Institutions,I,ORG,NEI
969,42,',I,ORG,KeyNone
970,42,Consumer,B,ORG,NEB
971,42,Data,I,ORG,NEI
972,42,Exposed,I,ORG,NEO
973,42,in,O,,KeyNone
974,42,Web,O,,NEB
975,42,Platform,O,,NEI
976,42,Vulnerability,O,,NEB
977,42,https,O,,KeyNone
978,42,:,O,,KeyNone
979,42,//t.co/yr8imFi2h3,O,,KeyNone
980,42,|,O,,KeyNone
981,42,by,O,,KeyNone
982,42,@,O,,KeyNone
983,43,Android,O,,NEB
984,43,vulnerability,O,,NEI
985,43,exposes,O,,KeyNone
986,43,users,O,,NEB
987,43,data,O,,NEI
988,43,via,O,,KeyNone
989,43,WiFi,O,,NEB
990,43,https,O,,KeyNone
991,44,vulnerability,O,,NEB
992,44,found,O,,KeyNone
993,44,in,O,,KeyNone
994,44,#,B,MONEY,KeyNone
995,44,crypto,I,MONEY,NEB
996,44,subsystem,O,,NEI
997,44,of,O,,KeyNone
998,44,the,O,,KeyNone
999,44,Linux,B,GPE,NEB
1000,44,kernel,O,,NEI
1001,44,before,O,,KeyNone
1002,44,version,O,,KeyNone
1003,44,kernel-4.15-rc4,O,,NEB
1004,44,could,O,,KeyNone
1005,44,allow,O,,KeyNone
1006,44,escalation,O,,NEB
1007,44,of,O,,KeyNone
1008,44,privileges,O,,KeyNone
1009,44,.,O,,KeyNone
1010,44,https,O,,KeyNone
1011,44,:,B,CARDINAL,KeyNone
1012,44,//t.co/QImBbA6ihb,O,,KeyNone
1013,44,#,O,,KeyNone
1014,44,cybersecurity,O,,NEB
1015,45,Honestly,O,,KeyNone
1016,45,never,O,,KeyNone
1017,45,work,O,,KeyNone
1018,45,for,O,,KeyNone
1019,45,Carphone,B,ORG,NEB
1020,45,warehouse,O,,NEI
1021,45,theyre,O,,KeyNone
1022,45,the,O,,KeyNone
1023,45,most,O,,KeyNone
1024,45,corrupt,O,,NEB
1025,45,company,O,,NEI
1026,45,Ive,O,,NEO
1027,45,ever,O,,KeyNone
1028,45,come,O,,KeyNone
1029,45,across,O,,KeyNone
1030,45,and,O,,KeyNone
1031,45,they,O,,KeyNone
1032,45,always,O,,KeyNone
1033,45,leak,O,,NEB
1034,45,your,O,,KeyNone
1035,45,data,O,,NEB
1036,45,:,O,,KeyNone
1037,45,),O,,KeyNone
1038,46,IBM,B,ORG,NEB
1039,46,Security,O,,NEI
1040,46,Bulletin,O,,NEO
1041,46,:,O,,KeyNone
1042,46,IBM,B,ORG,NEB
1043,46,Transparent,O,,NEI
1044,46,Cloud,B,PERSON,NEI
1045,46,Tiering,I,PERSON,NEO
1046,46,is,O,,KeyNone
1047,46,affected,O,,KeyNone
1048,46,by,O,,KeyNone
1049,46,a,O,,KeyNone
1050,46,security,O,,NEB
1051,46,vulnerability,O,,NEI
1052,46,in,O,,KeyNone
1053,46,IBM,B,ORG,NEB
1054,46,Java,O,,NEI
1055,46,SDK,O,,NEO
1056,46,Technology,O,,KeyNone
1057,46,Edition,O,,KeyNone
1058,46,Version,O,,KeyNone
1059,46,8,O,,KeyNone
1060,46,-,O,,KeyNone
1061,46,disclosed,O,,KeyNone
1062,46,as,O,,KeyNone
1063,46,part,O,,KeyNone
1064,46,of,O,,KeyNone
1065,46,the,O,,KeyNone
1066,46,IBM,B,ORG,NEB
1067,46,Java,O,,NEI
1068,46,SDK,O,,NEO
1069,46,updates,O,,KeyNone
1070,46,in,O,,KeyNone
1071,46,April,B,DATE,NEO
1072,46,2018,I,DATE,KeyNone
1073,46,.,O,,KeyNone
1074,46,See,O,,KeyNone
1075,46,change,O,,KeyNone
1076,46,history,O,,KeyNone
1077,46,&,O,,KeyNone
1078,46,amp,O,,KeyNone
1079,47,Critical,B,ORG,NEB
1080,47,Vulnerability,I,ORG,NEI
1081,47,Patched,I,ORG,NEO
1082,47,in,O,,KeyNone
1083,47,PHP,B,ORG,NEB
1084,47,Package,I,ORG,NEI
1085,47,Repository,I,ORG,NEO
1086,47,:,O,,KeyNone
1087,47,https,O,,KeyNone
1088,47,:,O,,KeyNone
1089,48,CVE-2018-11057,O,,NEB
1090,48,RSA,O,,NEI
1091,48,BSAFE,O,,NEO
1092,48,Micro,O,,NEB
1093,48,Edition,O,,NEI
1094,48,Suite,O,,KeyNone
1095,49,CVE-2018-11056,O,,NEB
1096,49,RSA,O,,NEI
1097,49,BSAFE,O,,NEO
1098,49,Micro,O,,NEB
1099,49,Edition,O,,NEI
1100,49,Suite,O,,KeyNone
1101,50,CVE-2018-11055,O,,NEB
1102,50,RSA,O,,NEI
1103,50,BSAFE,O,,NEO
1104,50,Micro,O,,NEB
1105,50,Edition,O,,NEI
1106,50,Suite,O,,KeyNone
1107,51,CVE-2018-11054,O,,NEB
1108,51,RSA,O,,NEI
1109,51,BSAFE,O,,NEO
1110,51,Micro,O,,NEB
1111,51,Edition,O,,NEI
1112,51,Suite,O,,KeyNone
1113,52,Critical,B,ORG,KeyNone
1114,52,Vulnerability,I,ORG,NEB
1115,52,Patched,I,ORG,NEO
1116,52,in,O,,KeyNone
1117,52,PHP,B,ORG,NEB
1118,52,Package,I,ORG,NEI
1119,52,Repository,I,ORG,NEO
1120,52,:,O,,KeyNone
1121,52,https,O,,KeyNone
1122,52,:,O,,KeyNone
1123,52,//t.co/KoEFxpZaWR,O,,KeyNone
1124,52,#,O,,KeyNone
1125,52,follow,O,,KeyNone
1126,53,CVE-2018-11057,O,,NEB
1127,53,RSA,O,,NEI
1128,53,BSAFE,O,,NEO
1129,53,Micro,O,,NEB
1130,53,Edition,O,,NEI
1131,53,Suite,O,,KeyNone
1132,54,CVE-2018-11056,O,,NEB
1133,54,RSA,O,,NEI
1134,54,BSAFE,O,,NEO
1135,54,Micro,O,,NEB
1136,54,Edition,O,,NEI
1137,54,Suite,O,,KeyNone
1138,55,CVE-2018-11054,O,,NEB
1139,55,RSA,O,,NEI
1140,55,BSAFE,O,,NEO
1141,55,Micro,O,,NEB
1142,55,Edition,O,,NEI
1143,55,Suite,O,,KeyNone
1144,56,CVE-2018-11055,O,,NEB
1145,56,RSA,O,,NEI
1146,56,BSAFE,O,,NEO
1147,56,Micro,O,,NEB
1148,56,Edition,O,,NEI
1149,56,Suite,O,,KeyNone
1150,57,#,B,CARDINAL,KeyNone
1151,57,DDoS,O,,NEB
1152,57,attack,O,,NEO
1153,57,from,O,,KeyNone
1154,57,#,B,MONEY,KeyNone
1155,57,Anonymous,I,MONEY,KeyNone
1156,57,#,I,MONEY,KeyNone
1157,57,Catalonia,O,,NEB
1158,57,cripples,O,,NEI
1159,57,#,B,MONEY,KeyNone
1160,57,Bank,I,MONEY,NEB
1161,57,of,O,,KeyNone
1162,57,#,B,MONEY,KeyNone
1163,57,Spain,I,MONEY,NEI
1164,57,website,O,,NEO
1165,57,:,O,,KeyNone
1166,57,https,O,,KeyNone
1167,57,:,O,,KeyNone
1168,57,//t.co/FYY2c7mvwN,O,,KeyNone
1169,58,Android,O,,NEB
1170,58,vulnerability,O,,NEI
1171,58,exposes,O,,KeyNone
1172,58,users,O,,NEB
1173,58,data,O,,NEO
1174,58,via,O,,KeyNone
1175,58,WiFi,O,,NEB
1176,58,:,O,,KeyNone
1177,58,https,O,,KeyNone
1178,58,:,O,,KeyNone
1179,59,A,O,,KeyNone
1180,59,Necurs,B,DATE,NEB
1181,59,botnet,O,,NEI
1182,59,has,O,,KeyNone
1183,59,been,O,,KeyNone
1184,59,used,O,,KeyNone
1185,59,to,O,,KeyNone
1186,59,launch,O,,KeyNone
1187,59,a,O,,KeyNone
1188,59,campaign,O,,NEB
1189,59,of,O,,KeyNone
1190,59,targeted,O,,NEB
1191,59,phishing,O,,NEI
1192,59,emails,O,,KeyNone
1193,59,aimed,O,,KeyNone
1194,59,at,O,,KeyNone
1195,59,breaching,O,,NEB
1196,59,the,O,,KeyNone
1197,59,#,B,CARDINAL,KeyNone
1198,59,cyber,O,,NEB
1199,59,defenses,O,,NEO
1200,59,of,O,,KeyNone
1201,59,a,O,,KeyNone
1202,59,number,O,,KeyNone
1203,59,of,O,,KeyNone
1204,59,banks,O,,NEB
1205,60,Apache,B,PERSON,NEB
1206,60,Struts,I,PERSON,NEI
1207,60,vulnerability,O,,NEO
1208,60,gave,O,,KeyNone
1209,60,up,O,,KeyNone
1210,60,access,O,,NEB
1211,60,at,O,,KeyNone
1212,60,Virgin,B,ORG,NEI
1213,60,Airlines,I,ORG,NEO
1214,60,in,O,,KeyNone
1215,60,2016,B,DATE,KeyNone
1216,61,Emergency,O,,NEB
1217,61,Fix,O,,NEI
1218,61,for,O,,KeyNone
1219,61,Windows,O,,NEO
1220,61,10,B,CARDINAL,KeyNone
1221,61,Task,O,,NEB
1222,61,Scheduler,O,,NEI
1223,61,Vulnerability,O,,NEI
1224,61,Released,O,,NEO
1225,61,by,O,,KeyNone
1226,61,0patch,O,,NEB
1227,61,https,O,,KeyNone
1228,61,:,O,,KeyNone
1229,61,//t.co/YmWhkspgsn,O,,KeyNone
1230,62,DDoS,O,,NEB
1231,62,attack,O,,NEO
1232,62,from,O,,KeyNone
1233,62,Anonymous,B,FAC,KeyNone
1234,62,Catalonia,I,FAC,NEB
1235,62,cripples,O,,KeyNone
1236,62,Bank,B,ORG,NEB
1237,62,of,I,ORG,KeyNone
1238,62,Spain,I,ORG,NEI
1239,62,website,O,,NEO
1240,62,https,O,,KeyNone
1241,63,Android,B,ORG,NEB
1242,63,'API,O,,NEI
1243,63,breaking,B,ORG,NEO
1244,63,',O,,KeyNone
1245,63,vulnerability,O,,NEB
1246,63,leaks,O,,NEI
1247,63,device,O,,NEI
1248,63,data,O,,NEO
1249,64,``,O,,KeyNone
1250,64,The,O,,KeyNone
1251,64,malware,O,,NEB
1252,64,that,O,,KeyNone
1253,64,infected,O,,NEB
1254,64,the,O,,KeyNone
1255,64,world,O,,NEB
1256,64,reinvents,O,,NEI
1257,64,itself,O,,KeyNone
1258,64,|,O,,KeyNone
1259,64,Fox,B,ORG,NEB
1260,64,News,I,ORG,NEI
1261,64,'',O,,KeyNone
1262,64,https,O,,KeyNone
1263,64,:,B,MONEY,KeyNone
1264,64,//t.co/0pviGKaGzU,I,MONEY,KeyNone
1265,64,#,I,MONEY,KeyNone
1266,64,InfoSec,I,MONEY,NEB
1267,64,#,I,MONEY,KeyNone
1268,64,Security,I,MONEY,NEI
1269,64,#,I,MONEY,KeyNone
1270,64,CyberSecurity,I,MONEY,NEI
1271,64,#,O,,KeyNone
1272,64,DataBreach,O,,NEI
1273,64,#,O,,KeyNone
1274,64,DataProtection,O,,KeyNone
1275,64,#,O,,KeyNone
1276,64,CyberAttack,O,,NEB
1277,64,#,O,,KeyNone
1278,64,CyberWar,O,,NEB
1279,64,#,O,,KeyNone
1280,64,Hacker,O,,KeyNone
1281,64,#,B,MONEY,KeyNone
1282,64,malware,I,MONEY,KeyNone
1283,64,#,I,MONEY,KeyNone
1284,64,Botnet,I,MONEY,KeyNone
1285,64,#,O,,KeyNone
1286,64,Ransomware,O,,NEB
1287,64,#,O,,KeyNone
1288,64,Technews,O,,KeyNone
1289,65,Android,B,ORG,NEB
1290,65,'API,O,,NEI
1291,65,breaking,B,ORG,NEO
1292,65,',O,,KeyNone
1293,65,vulnerability,O,,NEB
1294,65,leaks,O,,NEI
1295,65,device,O,,NEI
1296,65,data,O,,NEO
1297,66,#,B,CARDINAL,KeyNone
1298,66,cybersecurite,O,,NEB
1299,66,Another,O,,KeyNone
1300,66,patched,O,,NEB
1301,66,Apache,B,PERSON,NEI
1302,66,Struts,I,PERSON,NEI
1303,66,vulnerability,O,,NEO
1304,66,exploited,O,,KeyNone
1305,66,https,O,,KeyNone
1306,67,New,O,,KeyNone
1307,67,source,O,,NEB
1308,67,IPs,O,,NEO
1309,67,seen,O,,KeyNone
1310,67,in,O,,KeyNone
1311,67,Mirai-like,O,,NEB
1312,67,botnet,B,GPE,NEO
1313,67,by,O,,KeyNone
1314,67,ASN,O,,NEB
1315,67,:,O,,KeyNone
1316,67,AS8452,O,,NEB
1317,67,:,O,,KeyNone
1318,67,181,O,,KeyNone
1319,67,--,O,,KeyNone
1320,67,@,O,,KeyNone
1321,67,telecomegypt,O,,NEB
1322,67,AS12389,B,CARDINAL,NEI
1323,67,:,O,,KeyNone
1324,67,105,O,,KeyNone
1325,67,--,O,,KeyNone
1326,67,@,O,,KeyNone
1327,67,Rostelecom_News,O,,NEB
1328,67,AS4837,B,CARDINAL,NEI
1329,67,:,O,,KeyNone
1330,67,93,B,ORG,KeyNone
1331,67,--,O,,KeyNone
1332,67,@,O,,KeyNone
1333,67,ChinaUnicomGlob,O,,NEB
1334,67,AS24444,B,CARDINAL,NEI
1335,67,:,O,,KeyNone
1336,67,75,O,,KeyNone
1337,67,--,O,,KeyNone
1338,67,China,O,,NEB
1339,67,Mobile,O,,NEI
1340,67,AS18403,B,CARDINAL,NEO
1341,67,:,O,,KeyNone
1342,67,69,B,GPE,KeyNone
1343,67,--,O,,KeyNone
1344,67,@,O,,KeyNone
1345,67,ftelhcm,O,,NEB
1346,68,Another,O,,KeyNone
1347,68,patched,O,,KeyNone
1348,68,Apache,B,PERSON,NEB
1349,68,Struts,I,PERSON,NEI
1350,68,vulnerability,O,,NEO
1351,68,exploited,O,,KeyNone
1352,68,https,O,,KeyNone
1353,69,Android,B,ORG,NEB
1354,69,'API,O,,NEI
1355,69,breaking,B,ORG,NEO
1356,69,',O,,KeyNone
1357,69,vulnerability,O,,NEB
1358,69,leaks,O,,NEI
1359,69,device,O,,NEI
1360,69,data,O,,NEO
1361,70,Another,O,,KeyNone
1362,70,patched,O,,NEB
1363,70,Apache,B,PERSON,NEI
1364,70,Struts,I,PERSON,NEI
1365,70,vulnerability,O,,NEO
1366,70,exploited,O,,KeyNone
1367,70,https,O,,KeyNone
1368,71,A,O,,KeyNone
1369,71,Remote,O,,NEB
1370,71,Code,O,,NEI
1371,71,Execution,O,,NEO
1372,71,Vulnerability,O,,KeyNone
1373,71,Patched,O,,NEB
1374,71,by,O,,KeyNone
1375,71,Facebook,B,ORG,NEI
1376,71,-,I,ORG,KeyNone
1377,71,Latest,I,ORG,KeyNone
1378,71,Hacking,I,ORG,NEB
1379,71,News,I,ORG,KeyNone
1380,71,https,O,,KeyNone
1381,71,:,O,,KeyNone
1382,72,Another,O,,KeyNone
1383,72,patched,O,,NEB
1384,72,Apache,B,PERSON,NEI
1385,72,Struts,I,PERSON,NEI
1386,72,vulnerability,O,,NEO
1387,72,exploited,O,,KeyNone
1388,72,https,O,,KeyNone
1389,73,#,B,CARDINAL,KeyNone
1390,73,PoC,O,,NEB
1391,73,Code,O,,NEI
1392,73,Surfaces,O,,NEO
1393,73,to,O,,KeyNone
1394,73,Exploit,O,,KeyNone
1395,73,#,O,,KeyNone
1396,73,Apache,O,,NEB
1397,73,#,O,,KeyNone
1398,73,Struts2,O,,NEI
1399,73,Vulnerability,O,,NEO
1400,73,https,O,,KeyNone
1401,73,:,O,,KeyNone
1402,73,//t.co/MTLQ8l5nuT,O,,KeyNone
1403,74,Another,O,,KeyNone
1404,74,patched,O,,NEB
1405,74,Apache,B,PERSON,NEI
1406,74,Struts,I,PERSON,NEI
1407,74,vulnerability,O,,NEO
1408,74,exploited,O,,KeyNone
1409,74,https,O,,KeyNone
1410,75,#,B,CARDINAL,KeyNone
1411,75,DDoS,O,,NEB
1412,75,attack,O,,NEO
1413,75,from,O,,KeyNone
1414,75,#,B,MONEY,KeyNone
1415,75,Anonymous,I,MONEY,KeyNone
1416,75,#,I,MONEY,KeyNone
1417,75,Catalonia,O,,NEB
1418,75,cripples,O,,KeyNone
1419,75,#,B,MONEY,KeyNone
1420,75,Bank,I,MONEY,NEI
1421,75,of,O,,KeyNone
1422,75,#,O,,KeyNone
1423,75,Spain,B,GPE,NEI
1424,75,website,O,,NEO
1425,75,https,O,,KeyNone
1426,75,:,O,,KeyNone
1427,75,//t.co/9FRYL1yvjJ,O,,KeyNone
1428,75,via,B,CARDINAL,KeyNone
1429,75,@,O,,KeyNone
1430,75,hackread,B,MONEY,NEB
1431,75,#,I,MONEY,KeyNone
1432,75,infosec,B,MONEY,NEI
1433,75,#,I,MONEY,KeyNone
1434,75,revolution,I,MONEY,NEO
1435,75,#,B,ORG,KeyNone
1436,76,RT,O,,NEB
1437,76,hurricanelabs,O,,NEI
1438,76,``,O,,KeyNone
1439,76,4-year,O,,NEB
1440,76,old,O,,KeyNone
1441,76,Misfortune,B,PERSON,NEB
1442,76,Cookie,I,PERSON,NEI
1443,76,vulnerability,O,,NEO
1444,76,threatens,O,,KeyNone
1445,76,Capsule,O,,NEB
1446,76,Technologies,B,ORG,NEO
1447,76,medical,I,ORG,KeyNone
1448,76,gateway,O,,KeyNone
1449,76,device,O,,KeyNone
1450,76,https,O,,KeyNone
1451,76,:,O,,KeyNone
1452,76,//t.co/2oZFCTSwjH,O,,KeyNone
1453,76,'',O,,KeyNone
1454,77,At,O,,KeyNone
1455,77,least,O,,KeyNone
1456,77,Windows,B,PERSON,NEB
1457,77,Defender,I,PERSON,NEI
1458,77,is,O,,KeyNone
1459,77,better,O,,KeyNone
1460,77,at,O,,KeyNone
1461,77,detecting,O,,NEB
1462,77,variants,O,,NEI
1463,77,of,O,,KeyNone
1464,77,this,O,,KeyNone
1465,77,exploit,O,,NEB
1466,77,by,O,,KeyNone
1467,77,now,O,,KeyNone
1468,77,.,O,,KeyNone
1469,77,https,O,,KeyNone
1470,78,@,O,,KeyNone
1471,78,wasmittechnik,O,,NEB
1472,78,@,O,,KeyNone
1473,78,hallstephenj,O,,NEB
1474,78,@,O,,KeyNone
1475,78,FEITIAN_Tech,O,,NEB
1476,78,@,O,,KeyNone
1477,78,Google,O,,NEB
1478,78,``,O,,KeyNone
1479,78,The,O,,KeyNone
1480,78,vulnerability,O,,NEB
1481,78,is,O,,KeyNone
1482,78,that,O,,KeyNone
1483,78,in,O,,KeyNone
1484,78,that,O,,KeyNone
1485,78,interface,O,,NEB
1486,78,",",O,,KeyNone
1487,78,the,O,,KeyNone
1488,78,device,O,,KeyNone
1489,78,does,B,GPE,KeyNone
1490,78,NOT,O,,KeyNone
1491,78,respect,O,,KeyNone
1492,78,the,O,,KeyNone
1493,78,U2F_AUTHENTICATE,O,,NEB
1494,78,parameter,O,,NEI
1495,78,0x03,O,,NEO
1496,78,.,O,,KeyNone
1497,78,It,O,,KeyNone
1498,78,acts,O,,KeyNone
1499,78,like,O,,KeyNone
1500,78,parameter,O,,NEB
1501,78,0x08,O,,NEI
1502,78,...,O,,KeyNone
1503,78,It,O,,KeyNone
1504,78,signs,O,,KeyNone
1505,78,the,O,,KeyNone
1506,78,message,O,,KeyNone
1507,78,right,O,,KeyNone
1508,78,away,O,,KeyNone
1509,78,without,O,,KeyNone
1510,78,blinking,O,,KeyNone
1511,78,the,O,,KeyNone
1512,78,LED,O,,NEB
1513,78,or,O,,KeyNone
1514,78,waiting,O,,KeyNone
1515,78,for,O,,KeyNone
1516,78,the,O,,KeyNone
1517,78,user,O,,KeyNone
1518,78,to,O,,KeyNone
1519,78,touch,O,,KeyNone
1520,79,This,O,,KeyNone
1521,79,Old,O,,KeyNone
1522,79,Ransomware,O,,NEB
1523,79,Is,O,,KeyNone
1524,79,Now,O,,KeyNone
1525,79,Bitcoin-Stealing,O,,NEB
1526,79,Malware,O,,NEI
1527,79,https,O,,KeyNone
1528,79,:,O,,KeyNone
1529,79,//t.co/5gKpQpAZW2,O,,KeyNone
1530,79,#,O,,KeyNone
1531,79,arete,O,,NEB
1532,79,https,O,,KeyNone
1533,80,Self,B,ORG,NEB
1534,80,Hosted,I,ORG,NEI
1535,80,Website,I,ORG,NEO
1536,80,of,O,,KeyNone
1537,80,Bank,B,ORG,NEB
1538,80,of,I,ORG,KeyNone
1539,80,Spain,I,ORG,NEI
1540,80,Hit,O,,KeyNone
1541,80,by,O,,KeyNone
1542,80,#,O,,KeyNone
1543,80,DDoS,O,,NEB
1544,80,Attack,O,,NEO
1545,80,.,O,,KeyNone
1546,80,Time,O,,KeyNone
1547,80,to,O,,KeyNone
1548,80,use,O,,KeyNone
1549,80,a,O,,KeyNone
1550,80,#,O,,KeyNone
1551,80,CDN,B,ORG,NEB
1552,80,https,O,,KeyNone
1553,80,:,O,,KeyNone
1554,81,A,O,,KeyNone
1555,81,Remote,O,,NEB
1556,81,Code,O,,NEI
1557,81,Execution,O,,NEO
1558,81,Vulnerability,O,,NEB
1559,81,Patched,O,,NEI
1560,81,by,O,,KeyNone
1561,81,Facebook,O,,NEO
1562,81,#,O,,KeyNone
1563,81,ai,O,,KeyNone
1564,81,#,O,,KeyNone
1565,81,artificialintelligence,O,,NEB
1566,81,#,O,,KeyNone
1567,81,cybersecurity,O,,KeyNone
1568,81,#,O,,KeyNone
1569,81,cyberattack,B,CARDINAL,NEB
1570,81,#,O,,KeyNone
1571,81,infosec,O,,NEI
1572,81,https,B,CARDINAL,KeyNone
1573,81,:,O,,KeyNone
1574,81,//t.co/jxKLHZhIkF,O,,KeyNone
1575,81,https,B,CARDINAL,KeyNone
1576,81,:,O,,KeyNone
1577,81,//t.co/cmzBHNwr2r,O,,KeyNone
1578,82,Financial,B,ORG,NEB
1579,82,Institutions,I,ORG,NEI
1580,82,',I,ORG,KeyNone
1581,82,Consumer,B,ORG,NEB
1582,82,Data,I,ORG,NEI
1583,82,Exposed,I,ORG,NEO
1584,82,in,O,,KeyNone
1585,82,Web,O,,NEB
1586,82,Platform,O,,NEI
1587,82,Vulnerability,O,,NEO
1588,82,https,O,,KeyNone
1589,83,Fax,O,,NEB
1590,83,machines,O,,NEI
1591,83,are,O,,KeyNone
1592,83,still,O,,KeyNone
1593,83,widely,O,,KeyNone
1594,83,used,O,,KeyNone
1595,83,in,O,,KeyNone
1596,83,healthcare,O,,NEB
1597,83,and,O,,KeyNone
1598,83,a,O,,KeyNone
1599,83,communications,O,,NEB
1600,83,protocol,O,,NEI
1601,83,vulnerability,O,,NEO
1602,83,is,O,,KeyNone
1603,83,leaving,O,,KeyNone
1604,83,them,O,,KeyNone
1605,83,exposed,O,,NEB
1606,83,to,O,,KeyNone
1607,83,cyberattacks,O,,NEO
1608,83,.,O,,KeyNone
1609,83,More,O,,KeyNone
1610,83,here,O,,KeyNone
1611,83,:,O,,KeyNone
1612,83,https,O,,KeyNone
1613,84,4-year,O,,NEB
1614,84,old,O,,KeyNone
1615,84,Misfortune,B,PERSON,NEB
1616,84,Cookie,I,PERSON,NEI
1617,84,vulnerability,O,,NEO
1618,84,threatens,O,,KeyNone
1619,84,Capsule,O,,NEB
1620,84,Technologies,B,ORG,NEO
1621,84,medical,I,ORG,NEB
1622,84,gateway,O,,NEI
1623,84,device,O,,NEO
1624,84,https,O,,KeyNone
1625,84,:,O,,KeyNone
1626,84,//t.co/WdgC3SrTLm,O,,KeyNone
1627,85,New,O,,NEB
1628,85,post,O,,NEO
1629,85,from,O,,KeyNone
1630,85,https,O,,KeyNone
1631,85,:,O,,KeyNone
1632,85,//t.co/9KYxtdZjkl,O,,KeyNone
1633,85,(,O,,KeyNone
1634,85,PostgreSQL,O,,NEB
1635,85,JDBC,O,,NEI
1636,85,Driver,O,,NEO
1637,85,SSL,O,,NEB
1638,85,Factory,O,,NEO
1639,85,Man-in-the-Middle,O,,NEB
1640,85,Attack,O,,NEI
1641,85,Vulnerability,O,,NEO
1642,85,),O,,KeyNone
1643,85,has,O,,KeyNone
1644,85,been,O,,KeyNone
1645,85,published,O,,KeyNone
1646,85,on,O,,KeyNone
1647,85,https,O,,KeyNone
1648,85,:,O,,KeyNone
1649,85,//t.co/9KYxtdZjkl,O,,KeyNone
1650,85,-,O,,KeyNone
1651,85,https,O,,KeyNone
1652,85,:,O,,KeyNone
1653,85,//t.co/pNN4816ORl,O,,KeyNone
1654,86,@,O,,KeyNone
1655,86,ProHashing,O,,NEB
1656,86,Site,O,,NEI
1657,86,and,O,,KeyNone
1658,86,Pool,O,,NEO
1659,86,down,O,,KeyNone
1660,86,.,O,,KeyNone
1661,87,Android,O,,NEB
1662,87,vulnerability,O,,NEI
1663,87,exposes,O,,KeyNone
1664,87,users,O,,NEB
1665,87,data,O,,NEI
1666,87,via,O,,KeyNone
1667,87,WiFi,O,,KeyNone
1668,87,https,O,,KeyNone
1669,88,Critical,B,ORG,NEB
1670,88,Vulnerability,I,ORG,NEI
1671,88,Patched,I,ORG,NEO
1672,88,in,O,,KeyNone
1673,88,PHP,B,ORG,NEB
1674,88,Package,O,,NEI
1675,88,Repository,B,PERSON,NEO
1676,88,https,I,PERSON,KeyNone
1677,88,:,O,,KeyNone
1678,89,DDoS,O,,NEB
1679,89,attack,O,,NEO
1680,89,from,O,,KeyNone
1681,89,Anonymous,B,FAC,KeyNone
1682,89,Catalonia,I,FAC,NEB
1683,89,cripples,O,,KeyNone
1684,89,Bank,B,ORG,NEB
1685,89,of,I,ORG,KeyNone
1686,89,Spain,I,ORG,NEI
1687,89,website,O,,NEO
1688,89,https,O,,KeyNone
1689,89,:,O,,KeyNone
1690,89,//t.co/QH435GMdqp,O,,KeyNone
1691,89,#,O,,KeyNone
1692,89,Cyber,O,,KeyNone
1693,89,Events,O,,KeyNone
1694,89,#,O,,KeyNone
1695,89,anonymous,O,,KeyNone
1696,89,#,O,,KeyNone
1697,90,DDoS,O,,NEB
1698,90,attack,O,,NEO
1699,90,from,O,,KeyNone
1700,90,Anonymous,B,FAC,KeyNone
1701,90,Catalonia,I,FAC,NEB
1702,90,cripples,O,,KeyNone
1703,90,Bank,B,ORG,NEB
1704,90,of,I,ORG,KeyNone
1705,90,Spain,I,ORG,NEI
1706,90,website,O,,NEO
1707,90,https,O,,KeyNone
1708,90,:,O,,KeyNone
1709,90,//t.co/sAHVX5M9ZQ,O,,KeyNone
1710,90,#,O,,KeyNone
1711,90,Cyber,O,,KeyNone
1712,90,Events,O,,KeyNone
1713,90,#,O,,KeyNone
1714,90,anonymous,O,,KeyNone
1715,90,#,O,,KeyNone
1716,91,CVE-2018-4861,O,,NEB
1717,91,(,O,,KeyNone
1718,91,scalance_m875_firmware,O,,NEB
1719,91,),O,,KeyNone
1720,91,https,O,,KeyNone
1721,91,:,O,,KeyNone
1722,91,//t.co/nq7UOdHFvB,O,,KeyNone
1723,91,A,O,,KeyNone
1724,91,vulnerability,O,,NEB
1725,91,has,O,,KeyNone
1726,91,been,O,,KeyNone
1727,91,identified,O,,NEO
1728,91,in,O,,KeyNone
1729,91,SCALANCE,O,,NEB
1730,91,M875,O,,NEI
1731,91,(,B,ORG,KeyNone
1732,91,All,I,ORG,KeyNone
1733,91,versions,O,,KeyNone
1734,91,),O,,KeyNone
1735,91,.,O,,KeyNone
1736,91,An,O,,KeyNone
1737,91,authe,O,,NEB
1738,92,CVE-2018-3840,O,,NEB
1739,92,(,O,,KeyNone
1740,92,renderman,O,,NEB
1741,92,),O,,KeyNone
1742,92,https,O,,KeyNone
1743,92,:,O,,KeyNone
1744,92,//t.co/ZSf7K3SIIU,O,,KeyNone
1745,92,A,O,,KeyNone
1746,92,denial-of-service,O,,NEB
1747,92,vulnerability,O,,NEI
1748,92,exists,O,,KeyNone
1749,92,in,O,,KeyNone
1750,92,the,O,,KeyNone
1751,92,Pixar,O,,NEB
1752,92,Renderman,O,,NEO
1753,92,IT,O,,KeyNone
1754,92,Display,O,,KeyNone
1755,92,Service,O,,KeyNone
1756,92,21.6,B,FAC,KeyNone
1757,92,(,I,FAC,KeyNone
1758,92,0,I,FAC,KeyNone
1759,93,DDoS,O,,NEB
1760,93,attack,O,,NEI
1761,93,from,O,,KeyNone
1762,93,Anonymous,B,FAC,KeyNone
1763,93,Catalonia,I,FAC,NEB
1764,93,cripples,O,,KeyNone
1765,93,Bank,B,ORG,NEB
1766,93,of,I,ORG,KeyNone
1767,93,Spain,I,ORG,NEI
1768,93,website,O,,NEO
1769,93,https,O,,KeyNone
1770,94,Microsoft,B,ORG,NEB
1771,94,Windows,O,,NEI
1772,94,task,O,,NEI
1773,94,manager,O,,NEO
1774,94,contains,O,,KeyNone
1775,94,local,O,,KeyNone
1776,94,privilege,O,,NEB
1777,94,escalation,O,,NEI
1778,94,vulnerability,O,,NEO
1779,94,:,O,,KeyNone
1780,94,https,O,,KeyNone
1781,94,:,B,CARDINAL,KeyNone
1782,94,//t.co/S9lOgpyL7U,B,ORG,KeyNone
1783,94,#,O,,KeyNone
1784,95,@,O,,KeyNone
1785,95,TraveldooFR,O,,NEB
1786,95,I,O,,KeyNone
1787,95,'ve,O,,KeyNone
1788,95,found,O,,KeyNone
1789,95,a,O,,KeyNone
1790,95,vulnerability,O,,NEB
1791,95,in,O,,KeyNone
1792,95,your,O,,KeyNone
1793,96,Bank,B,ORG,NEB
1794,96,of,I,ORG,KeyNone
1795,96,Spain,I,ORG,NEI
1796,96,Hit,I,ORG,KeyNone
1797,96,by,O,,KeyNone
1798,96,DDoS,O,,NEB
1799,96,Attack,O,,NEI
1800,96,https,O,,KeyNone
1801,96,:,O,,KeyNone
1802,97,CVE-2018-7685,O,,NEB
1803,97,The,O,,KeyNone
1804,97,decoupled,O,,NEI
1805,97,download,O,,NEO
1806,97,and,O,,KeyNone
1807,97,installation,O,,NEB
1808,97,steps,O,,KeyNone
1809,97,in,O,,KeyNone
1810,97,libzypp,O,,NEB
1811,97,before,O,,KeyNone
1812,97,17.5.0,O,,KeyNone
1813,97,could,O,,KeyNone
1814,97,lead,O,,KeyNone
1815,97,to,O,,KeyNone
1816,97,a,O,,KeyNone
1817,97,corrupted,O,,KeyNone
1818,97,RPM,O,,NEB
1819,97,being,O,,KeyNone
1820,97,left,O,,KeyNone
1821,97,in,O,,KeyNone
1822,97,the,O,,KeyNone
1823,97,cache,O,,KeyNone
1824,97,",",O,,KeyNone
1825,97,where,O,,KeyNone
1826,97,a,O,,KeyNone
1827,97,later,O,,KeyNone
1828,97,call,O,,KeyNone
1829,97,would,O,,KeyNone
1830,97,not,O,,KeyNone
1831,97,display,O,,KeyNone
1832,97,the,O,,KeyNone
1833,97,corrupted,O,,NEB
1834,97,RPM,O,,NEI
1835,97,warning,O,,KeyNone
1836,97,and,O,,KeyNone
1837,97,allow,O,,KeyNone
1838,97,i,O,,KeyNone
1839,97,...,O,,KeyNone
1840,97,https,O,,KeyNone
1841,97,:,O,,KeyNone
1842,97,//t.co/Y7eOunKfZW,O,,KeyNone
1843,97,Vulmon,O,,NEB
1844,97,Vulnerability,O,,NEI
1845,97,Feed,B,PERSON,NEO
1846,97,(,I,PERSON,KeyNone
1847,97,Vul,I,PERSON,NEB
1848,98,@,O,,KeyNone
1849,98,Gillespie1967,O,,NEB
1850,98,@,B,ORG,KeyNone
1851,98,ThomasHansen000,I,ORG,NEI
1852,98,@,O,,KeyNone
1853,98,Xbox,O,,NEO
1854,98,@,B,ORG,KeyNone
1855,98,XboxSupport,O,,NEB
1856,98,If,O,,KeyNone
1857,98,your,O,,KeyNone
1858,98,OWN,O,,KeyNone
1859,98,hosted,B,ORG,KeyNone
1860,98,server,O,,KeyNone
1861,98,is,O,,KeyNone
1862,98,being,O,,KeyNone
1863,98,DDOS,O,,NEB
1864,98,that,O,,KeyNone
1865,98,is,O,,KeyNone
1866,98,still,O,,KeyNone
1867,98,an,O,,KeyNone
1868,99,Sony,B,ORG,NEB
1869,99,and,O,,KeyNone
1870,99,Microsoft,B,ORG,NEB
1871,99,Game,O,,NEI
1872,99,Sites,O,,NEO
1873,99,Knew,O,,KeyNone
1874,99,DDOS,O,,NEB
1875,99,Attacks,O,,NEI
1876,99,Were,O,,KeyNone
1877,99,Coming,O,,KeyNone
