0,1,2,3,4,5,6,7,8,9,10,11,12,13,14,15,16,17,18,19,20,21,22,23,24,25,26,27,28,29,30,31,32,33,34,35,36,37,38,39,40,41,42,43,44,45,46,47,48,49,50,51,52,53,54,55,56,57,58,59,60,61,62,63,64,65,66,67,68,69,70,71,72,73,74,75,76,77,78,79,80,81,82,83,84,85,86,87,88,89,90,91,92,93,94,95,96,97,98,99
hacking guy,ddos,cybersecurity,domain auction,depressed,infinite loop,ad-blocker,jack,grrr,tango,theiilpanda jatheish,comfortablysmug,source code,android,hacker,bricaine,bank,cancel,vulnerability,alart,cve201816276,globeImposter,hacker,wordpress,prateek,little freaks,rainbow6game,sickubus,fcc,cve 2018 16278,hmc,necurs botnet,cve 2018 13871 hdf5,cve 2018 13872 hdf5,cve 2018 13874 hdf5,globeImposter,browser extensions,cve 2018 3787,caption this,pov,ddos attack,android,financial institutions,android,vulnerability,carphone warehouse,ibm security bulletin,critical vulnerability patched,cve 2018 11057,cve 2018 11056,cve 2018 11055,cve 2018 11054,critical vulnerability patched,cve 2018 11057,cve 2018 11056,cve 2018 11054,cve 2018 11055,ddos attack,android,necurs botnet,apache struts vulnerability,emergency fix,ddos attack,android,malware,android,cybersecurite,mirai like botnet,apache struts,android,apache struts,remote code,apache struts,poc,apache struts,ddos attack,hurricanelabs,windows defender,wasmittechnik,old ransomeware,hosted website,remote code,financial institutions,fax machine,misfortune cookie vulnerability,postgresql,prohashing,android,critical vulnerability patched,ddos attack,ddos attack,cve 2018 4861,cve 2018 3840,ddos attack,microsoft windows task manager,traveldoofr,ddos attack,cve 2018 7685,gillespie1967,sony
ddos,great hacker,bitcoin,domain,security researcher,infinite,technology,code,ddos,tango down,theiilpanda,ransomware,code,vulnerability,discloses,ddos,spain,3d arcadestick,alexa,oss,cve,ransomware attack,discloses,rest api,vulnerability,ddos,ddos,yourfavnatty,claims,phpkaiyuancms,ransomware attack,botnet,hdf5,hdf5,hdf5,ransomware attack,security vulnerability,path traversal,caption,remarkable,ddos,vulnerability,financial,vulnerability,crypto subsystem,warehouse,ibm,vulnerability patched,rsa bsafe,rsa bsafe,rsa bsafe,rsa bsafe,vulnerability patched,rsa bsafe,rsa bsafe,rsa bsafe,rsa bsafe,ddos,vulnerability,botnet,apache,windows 10 task scheduler vulnerability,ddos,api breaking,infected,api breaking,apache struts,mirai,vulnerability exploited,api breaking,vulnerability exploited,vulnerability,vulnerability exploited,poc code,vulnerability exploited,ddos,misfortune cookie vulnerability,windows,hallstephenj,ransomeware,website,code,financial,healthcare,misfortune cookie,jdbc driver,site and pool down,vulnerability,vulnerability patched,ddos,ddos,scalance m875 firmware,renderman,ddos,microsoft windows,vulnerability,ddos,libzypp,thomashansen000,microsoft game
fkn,official,ransomware,auction,drops,vulnerability,vulnerability,account,threat,malwaremustdie,jatheish,,locky,exposes,unpatched,maybe,hit,arcadestick,phishing,vulnerabilities,issue,attack,unpatched,api,domain,attack,diamond,botnet guy,ddos,phpopensourcecms,ransomware,necurs,cve 2018 13871,cve 2018 13872,cve 2018 13874,attack,security,simplehttpserver,,hacking,catalonia,exposes,consumer data exposed,exposes,crypto,carphone,security bulletin,vulnerability,bsafe,bsafe,bsafe,bsafe,vulnerability,bsafe,bsafe,bsafe,bsafe,catalonia,exposes,necurs,struts ,Windows 10,catalonia,android api,world reinvents,android api,vulnerability exploited,botnet,apache,android api,apache,code execution,apache,apache,apache,attack,misfortune cookie,exploit,feitiantech,bitcoin,bank spain,execution vulnerability,consumer data exposed,communications ,vulnerability,jdbc,crypto,exposes,vulnerability,catalonia,catalonia,scalance,denial of service vulnerability,catalonia,microsoft,website,bank of spain,corrupted rpm,xbox,microsoft
stream,therapy,iran,twitter,serious,libtirpc,infection,botnet,,malware,bubblywums,,ransomware,wifi,windows,many people,ddos,next week,attacks,struts,discovered,ransomware,windows,0day exploit,out scope in scope,ddos attack,,botnet,neutrality attack,poscms,healthcare data breach,spearphishing,hdf hdf5,hdf hdf5,hdf hdf5,ransomware,vulnerability,server,,attacker,cripples,wifi,data exposed,wifi,linux kernel,most corrupt company,bulletin,patched,micro,micro,micro,micro,patched,micro,micro,micro,micro,cripples,wifi,targeted phishing emails,vulnerability,windows,cripples,vulnerability,world,vulnerability,apache,asn,struts,vulnerability,struts,vulnerability patched,struts,struts2,struts,catalonia,vulnerability,detecting variants,google,stealing,spain,vulnerability,consumer data,protocol vulnerability,capsule technologies medical gateway device,ssl factory man in the middle attack vulnerability,ddos,wifi,patched,cripples,cripples,m875,denial of service,cripples,windows,,spain,rpm,xboxsupport,ddos
technotherapy,group therapy,experts,domainauction,patched,server,malvertising,followed,,mustdie,survivetheark,,security,cybersecurity,zero day,install,attack,scared,phishing attacks,threat,yurexread,data encryption,zero day,freelancewebdesigner,out scope,campus ssh systems,,,bogus,unauthenticated user,data breach,banking,heap based,heap based,stack based,data encryption,arbitrary,vulmon vulnerability feed,,victims,bank of spain website,data,web platform vulnerability,data,linux,corrupt company,security,php package repository,micro edition suite,micro edition suite,micro edition suite,micro edition suite,php package repository,micro edition suite,micro edition suite,micro edition suite,micro edition suite,bank of spain website,data,banks,apache struts,task scheduler,bank of spain website,leaks device data,InfoSec,leaks device data,struts,telecomegypt,vulnerability,leaks device data,vulnerability,facebook,vulnerability,vulnerability,vulnerability,bank spain,capsule technologies medical gateway device,,vulnerability,malware,ddos attack,facebook,consumer,protocol,capsule technologies,factory,,data,php package repository,bank of spain website,bank of spain website,firmware,vulnerability,bank of spain website,task manager,,bank,corrupted rpm warning,ddos,sony microsoft
aboveandbeyond,,,hugeleak,windows,loop,malicious ads,account created,,,ps4,,networksecurity,cyber,vulnerability,mw2,bank of spain,isp,trick,struts 2 threat,drivers,algorithm,vulnerability,webdesigner,in scope,campus,,,fixmycomputeronsite,arbitrary sql commands,breach,spam campaign,heap,heap,stack,algorithm,javascript,vulmon,,quickly block threats,bank of spain,users data,vulnerability,users data,version kernel,leak your data,transparent cloud,package repository,edition suite,edition suite,edition suite,edition suite,package repository,edition suite,edition suite,edition suite,edition suite,bank of spain,users data,phishing emails,virgin airlines,task,bank of spain,device data,security,device data,vulnerability,rostelecom news,apache struts vulnerability,device data,apache struts vulnerability,,apache struts vulnerability,threatpost,apache struts vulnerability,bank,capsule technologies,,interface,bitcoin stealing malware,ddos,artificialintelligence,web platform,vulnerability,capsule,man in the middle attack,,users data,package repository,bank of spain,bank of spain,vulnerability,pixar renderman,bank of spain,escalation vulnerability,,attack,,isp,
,,,domain name,exploit,cybersecurity,cybersecurity,,,,ps4 809,,cybersecurity,infosec,poc,messed up,ddos attack,ddos,secure credentials,amp,usb,data encryption algorithm,poc,webdeveloper,,ssh systems,,,net neutrality attack,sql commands,healthcare,spam,buffer overflow,buffer overflow,buffer overflow,data encryption algorithm,arbitrary javascript,vulnerability feed,,block threats,website,,web platform,,kernel,data,transparent cloud,repository,suite,suite,suite,suite version,repository,suite,suite,suite version,suite,website,,cyber defenses,2016,scheduler,website,infosec,cybersecurity,user tracking,apache struts vulnerability,chinaunicomglob,,user tracking,,,,code,,spain,capsule,,utfauthenticate,arete,,cybersecurity,vulnerability,fax machine,medical gateway device,middle attack,,,repository,website,website,scalance m875,pixar,website,vulnerability,,,,wildcard,
,,,Reserve price,twitter,linux,smallbiz,,,,abb sever,,malware,privacy,thehackersnews,xbox,,short,echosquatting,take action,misc,high intensity,thehackersnews,ecommerce,,ssh,,,,ajax,data,campaign,overflow,overflow,overflow,high intensity,keystrokes,vulnerability,,reverseengineering,spain,,stinsonleonard,,cybersecurity,company,vulnerabilit,php,versions prior,versions prior,versions prior,suite,php,versions prior,versions prior,suite,versions prior,spain,,campaign,attacker ,vulnerability,spain,,databreach,tracking,,china mobile,,tracking,,,,,,website,medical gateway device,,parameter,,,cyberattack,web platform vulnerability,communications protocol vulnerability ,medical,attack,,,php,spain,spain,authe,renderman,spain,networksecurity,,,,,
,,,first person,proofofconcept code,,technology,,,,ddos,,ransomwareprotection,risk,zero day vulnerability,console,,sometime next week,secure,prepared against oss,yurex c,numerous variants,zero day vulnerability,singapore,,friday afternoon,,,,vulmon vulnerability,attack,,buffer,buffer,buffer,numerous variants,password fields,feed,,malware,bank,,privacy,,,,java sdk,,prior,prior,prior,integer overflow vulnerability,,prior,prior,integer overflow vulnerability,prior,bank,,johnLeonard,acars,released,bank,,dataprotection,,,ftelhcm,,,,,,,,hackread,medical,,led,,,infosec,,cyberattacks,gateway device,vulnerability,,,,bank,bank,,denial,bank,,,,,,
,,,,proofofconcept,,,,,,reset ips,,virus,data,,struggles,,,credentials,,linux kernel,cyberthreats,,,,friday,,,,vulmon,,,library,library,library,cyberthreats,password,,,botnet,attack,,,,,,java,,covert timing channel vulnerability,crypto c,improper clearing heap memory,integer overflow,,covert timing channel vulnerability,crypto c,integer overflow,improper clearing heap memory,attack,,threat intel brief,network,0patch,attack,,cyberattack,,,,,,,,,,,infosec,gateway device,,,,,vulnerability patched,,,device,,,,,attack,attack,,,attack,,,,,,
,,,,cert,,,,,,ips,,,users data,,load,,,hackers,,linux,cybercrime,,,,entire ass,,,,vulnerability,,,,,,cybercrime,track,,,cybersecurity,,,,,,,technology,,covert timing,uncontrolled resource consumption,improper clearing,overflow,,covert timing,uncontrolled resource consumption,overflow,improper clearing,,,phishing,segmented,,,,cyberwar,,,,,,,,,,,revolution,device,,,,,,,,,,,,,cyber events,cyber events,,,,,,,,,
,,,,exploit code,,,,,,stopddoS,,,,,even start,,,malware,,kernel,smb,,,,,,,,,,,,,,smb,,,,hacker,,,,,,,version 8,,timing channel vulnerability,resource consumption,heap memory,remote attacker,,timing channel vulnerability,resource consumption,remote attacker,heap memory,,,emails,,,,,hacker,,,,,,,,,,,hacktivist,,,,,,,,,,,,,,,,,,,,,,,,
,,,,local,,,,,,outage,,,,,,,,hide,,local attackers,cybersecurity,,,,,,,,,,,,,,cybersecurity,,,,botnet targeting,,,,,,,disclosed,,timing channel,vulnerability,vulnerability,vulnerability,,timing channel,vulnerability,vulnerability,vulnerability,,,,,,,,botnet,,,,,,,,,,,tangodown,,,,,,,,,,,,,,,,,,,,,,,,
,,,,privilege escalation,,,,,,,,,,,,,,certain skill,,attackers,variants,,,,,,,,,,,,,,variants,,,,,,,,,,,amp,,vulnerability,exhaustion,heap,attacker,,vulnerability,exhaustion,attacker,heap,,,,,,,,ransomware,,,,,,,,,,,,,,,,,,,,,,,,,,,,,,,,,,,
,,,,escalation,,,,,,,,,,,,,,,,user access,security blog,,,,,,,,,,,,,,security blog,,,,,,,,,,,askibmstorage,,rsa decryption,rsa,memory,asn 1 data,,rsa decryption,rsa,asn 1 data,memory,,,,,,,,technews,,,,,,,,,,,,,,,,,,,,,,,,,,,,,,,,,,,
,,,,local,,,,,,,,,,,,,,,,bounds checking,360totalsec,,,,,,,,,,,,,,360totalsec,,,,,,,,,,,sdk,,rsa,resource exhaustion,heap inspection,asn 1,,rsa,resource exhaustion,asn 1,heap inspection,,,,,,,,,,,,,,,,,,,,,,,,,,,,,,,,,,,,,,,,,,,
,,,,,,,,,,,,,,,,,,,,vulmon vulnerability,,,,,,,,,,,,,,,,,,,,,,,,,,april,,decryption,resource ,inspection,denial of service,,decryption,resource ,denial of service,inspection,,,,,,,,,,,,,,,,,,,,,,,,,,,,,,,,,,,,,,,,,,,
,,,,,,,,,,,,,,,,,,,,vulmon,,,,,,,,,,,,,,,,,,,,,,,,,,,,bleichenbacher attack,,decoded,denial,,bleichenbacher attack,,denial,decoded,,,,,,,,,,,,,,,,,,,,,,,,,,,,,,,,,,,,,,,,,,,
,,,,,,,,,,,,,,,,,,,,vulnerability,,,,,,,,,,,,,,,,,,,,,,,,,,,,attack,,pkcs,maliciously constructed,,attack,,maliciously constructed,pkcs,,,,,,,,,,,,,,,,,,,,,,,,,,,,,,,,,,,,,,,,,,,
,,,,,,,,,,,,,,,,,,,,,,,,,,,,,,,,,,,,,,,,,,,,,,,,bleichenbacher,,,constructed,,bleichenbacher,,constructed,cve 2018 11055,,,,,,,,,,,,,,,,,,,,,,,,,,,,,,,,,,,,,,,,,,,
