,TweetText,,,,
0,"i appreciate the love for hacking guys, but let's not DDoS our own fkn stream. 

RIP #technotherapy w/ @aboveandbeyond",,,,
1,@i_oofficial is such a great hacker he made his viewers DDOS Group Therapy for him.,,,,
2,Cybersecurity Experts Point to Iran for Bitcoin Ransomware - https://t.co/mIHohuugZB,,,,
3,"üí∞Domain auction ‚è≥
Domain name: https://t.co/zZdYBVk4ol
Start: $150 üíµ
Reserve price: TBA

To be the first person to bid reply on Twitter  in comments with 
‚Äúhugeleak $150‚Äù.  üí£ Auction ends 3rd September #domainauction #domains",,,,
4,"#Depressed #Security Researcher Drops Serious #0Day for fully patched #Windows #Exploit On Twitter with #ProofOfConcept Code
#CERT verified the exploit code as local privilege escalation 
https://t.co/U3cip4WdiY https://t.co/jqpjL3Kf1A",,,,
5,An infinite loop vulnerability was found in libtirpc before version 1.0.2-rc2 that allows server to enter an infinite loop. https://t.co/fcZ4vzm1VA #cybersecurity #linux,,,,
6,"https://t.co/YgB9MJNChW uses ad-blocker bypass technology which increases your vulnerability to infection from #malvertising (malicious ads)

#cybersecurity #business #smallbiz #startup https://t.co/1X5nhMqCNr",,,,
7,"Hey @Jack - which one of these is code for ""this is clearly an account created by a botnet along with the other 15 accounts that just followed me""? https://t.co/XpZ2Hv5Pfv",,,,
8,Grrrr ddos threat, definitely scared https://t.co/5Uf60OucuZ,,,
9,"Tango Down #MalwareMustDie
https://t.co/JC5ipddZyg",,,,
10,"@thelilpanda @Jatheish
@bubblywums @survivetheark
Can you please fix PS4 809 OC abb sever. It has been down for over a week. Been ddos attacked on/off please reset ips. 
Filled out outage forms still NO response.
 
#StopDDoS",,,,
11,"@ComfortablySmug DON""T CLICK IT'S RANSOMWARE",,,,
12,"Source code to ""Locky"" ransomware

#security #networksecurity #cybersecurity #virus #malware #locky #ransomware #RansomwareProtection https://t.co/Ab29049Cma",,,,
13,Android vulnerability exposes users data via WiFi https://t.co/R9BjG4emtw   #Cybersecurity #cyber #infosec #security  #privacy #risk,,,,
14,"Hacker Discloses Unpatched Windows Zero-Day Vulnerability (With PoC) (via @TheHackersNews)
https://t.co/NAGRdKOvyG",,,,
15,@Bricaine DDOS maybe or just too many people trying to install mw2 but this issue has messed up my Xbox console itself like it works but it struggles to load or even start,,,,
16,Bank of Spain Hit by DDoS Attack https://t.co/cwsACxoVne,,,,
17,I‚Äôm going to probably cancel the 3D arcadestick run to another date next week. I‚Äôm scared my isp will ddos me and they‚Äôll cut it short we‚Äôll try it sometime next week,,,,
18,"A new vulnerability in Alexa allows phishing attacks to trick users into sending their secure credentials. This trick called ""Echosquatting"" and allows hackers to hide malware over a certain skill. Always stay up-to-date so you know what to look for! 

https://t.co/chTaSFIwU5",,,,
19,Alert! Be prepared against #OSS vulnerabilities, especially against a new #Struts 2 threat.  Learn more &amp, take action now. https://t.co/PECBUHVKlP https://t.co/lK0BsN4KJ0,,
20,"CVE-2018-16276

An issue was discovered in yurex_read in drivers/usb/misc/yurex.c in the Linux kernel before 4.17.7. Local attackers could use user access read/writes with incorrect bounds checking in the yurex USB ...https://t.co/hwpuTM6OOf

‚Äî Vulmon Vulnerability Feed (Vul‚Ä¶",,,,
21,"GlobeImposter ransomware attack w/ high-intensity data encryption algorithm, numerous variants! #Cyberthreats #Cybercrime #SMB #Cybersecurity
GlobeImposter which has more than 20 variants, is still wildly growing | 360 Total Security Blog https://t.co/tYPzHuXmOT via @360totalsec",,,,
22,Hacker Discloses Unpatched Windows Zero-Day Vulnerability (With PoC) https://t.co/Zyh3z6so5z,,,,
23,WordPress REST API 0day Exploit is Out https://t.co/Am3uICtkXD #freelancewebdesigner #webdesigner #webdeveloper #ecommerce #singapore #sg,,,,
24,@prateek_0490 can we report vulnerability in a domain which is neither included in out-scope nor in-scope.,,,,
25,whichever one of you little freaks decided to test run your DDOS attack on the campus SSH systems ON A FRIDAY AFTERNOON can eat my entire ass,,,,
26,@Rainbow6Game @OnlyyL4uRa7 Ddos for get the Diamond. üôÇüôÇ,,,,
27,@sickubus @YourFavNatty nice botnet guy,,,,
28,https://t.co/8Bkmzqf4iP #FCC claims of DDoS net neutrality attack were 'bogus' #fmcos #fixmycomputeronsite.com,,,,
29,"CVE-2018-16278

phpkaiyuancms PhpOpenSourceCMS (POSCMS) V3.2.0 allows an unauthenticated user to execute arbitrary SQL commands via the diy/module/member/controllers/Api.php ajax_save_draft function with the dir par...https://t.co/ufBhE4qOG7

‚Äî Vulmon Vulnerability Feed (Vul‚Ä¶",,,,
30,HMC Says Ransomware Attack Turned Into Healthcare Data Breach https://t.co/sXcInIWotu,,,,
31,Necurs botnet linked to banking spam campaign https://t.co/yhFNzx0UlT #spearphishing,,,,
32,"CVE-2018-13871 (hdf5)
https://t.co/8Sgk64YKH1
An issue was discovered in the HDF HDF5 1.8.20 library. There is a heap-based buffer overflow",,,,
33,"CVE-2018-13872 (hdf5)
https://t.co/DMQAWn1dsR
An issue was discovered in the HDF HDF5 1.8.20 library. There is a heap-based buffer overflow",,,,
34,"CVE-2018-13874 (hdf5)
https://t.co/u0MwPDiHBn
An issue was discovered in the HDF HDF5 1.8.20 library. There is a stack-based buffer overflow",,,,
35,"GlobeImposter ransomware with high-intensity data encryption &amp; numerous variants! #Cyberattack #Cybercrime #Hackers #SMB #Cybersecurity 
GlobeImposter which has more than 20 variants, is still wildly growing | 360 Total Security Blog https://t.co/wI54NxTrh7 via @360totalsec",,,,
36,Browser extensions seem like a massive security vulnerability sitting right under our noses. Like those things can run arbitrary javascript on any site you visit and could even track keystrokes in password fields,,,,
37,"CVE-2018-3787

Path traversal in simplehttpserver &lt;v0.2.1 allows listing any file on the server.https://t.co/smTZrF1VYK

‚Äî Vulmon Vulnerability Feed (VulmonFeeds) August 31, 2018",,,,
38,caption this üòÇüòÇ https://t.co/SPe6ibm2t2,,,,
39,"This time is BIG and (at least in my PoV) remarkable !
Hacking the Attacker is a way to help victims and quickly block threats. #malwaresecuritynews #ReverseEngineering #malware #botnet #CyberSecurity 
Hacking The Hacker. Stopping a big botnet targeting ‚Ä¶ https://t.co/pbkDG5YCoh",,,,
40,DDoS attack from Anonymous Catalonia cripples Bank of Spain website https://t.co/VJIRI5VTIO,,,,
41,Android vulnerability exposes users data via WiFi https://t.co/NvoLLei57M,,,,
42,Financial Institutions' Consumer Data Exposed in Web Platform Vulnerability https://t.co/yr8imFi2h3 | by @stinsonleonard #Privacy,,,,
43,Android vulnerability exposes users data via WiFi https://t.co/IDGoihwBVn,,,,
44,vulnerability found in #crypto subsystem of the Linux kernel before version kernel-4.15-rc4 could allow escalation of privileges. https://t.co/QImBbA6ihb #cybersecurity #linux,,,,
45,Honestly never work for Carphone warehouse they‚Äôre the most corrupt company I‚Äôve ever come across and they always leak your data :),,,,
46,IBM Security Bulletin: IBM Transparent Cloud Tiering is affected by a security vulnerability in IBM Java SDK Technology Edition Version 8 - disclosed as part of the IBM Java SDK updates in April 2018. See change history &amp, fixes here -&gt,  https://t.co/EeL5Pn6UTx  #askIBMStorage https://t.co/WCWC1m8W8S,,
47,"Critical Vulnerability Patched in PHP Package Repository:

https://t.co/W3ZWcCEYi1",,,,
48,CVE-2018-11057 RSA BSAFE Micro Edition Suite, versions prior to 4.0.11 (in 4.0.x) and prior to 4.1.6.1 (in 4.1.x) contains a Covert Timing Channel vulnerability during RSA decryption, also known as a Bleichenbacher attack on RSA ... https://t.co/b4yS5LnceQ,,
49,CVE-2018-11056 RSA BSAFE Micro Edition Suite, prior to 4.1.6.1 (in 4.1.x), and RSA BSAFE Crypto-C Micro Edition versions prior to 4.0.5.3 (in 4.0.x) contain an Uncontrolled Resource Consumption ('Resource Exhaustion') vulnerability ... https://t.co/Fzq5tkGRwx,,
50,CVE-2018-11055 RSA BSAFE Micro Edition Suite, versions prior to 4.0.11 (in 4.0.x) and prior to 4.1.6.1 (in 4.1.x), contains an Improper Clearing of Heap Memory Before Release ('Heap Inspection') vulnerability. Decoded PKCS #12 data ... https://t.co/tt56aiP9RD,,
51,CVE-2018-11054 RSA BSAFE Micro Edition Suite, version 4.1.6, contains an integer overflow vulnerability. A remote attacker could use maliciously constructed ASN.1 data to potentially cause a Denial Of Service.  https://t.co/nRpeuioTBZ,,
52,Critical Vulnerability Patched in PHP Package Repository: https://t.co/KoEFxpZaWR #follow &amp, #RT #cybersecurity #infosec,,,
53,CVE-2018-11057 RSA BSAFE Micro Edition Suite, versions prior to 4.0.11 (in 4.0.x) and prior to 4.1.6.1 (in 4.1.x) contains a Covert Timing Channel vulnerability during RSA decryption, also known as a Bleichenbacher attack on RSA ... https://t.co/sreDQv5ccC,,
54,CVE-2018-11056 RSA BSAFE Micro Edition Suite, prior to 4.1.6.1 (in 4.1.x), and RSA BSAFE Crypto-C Micro Edition versions prior to 4.0.5.3 (in 4.0.x) contain an Uncontrolled Resource Consumption ('Resource Exhaustion') vulnerability ... https://t.co/rEjXvCwWUO,,
55,CVE-2018-11054 RSA BSAFE Micro Edition Suite, version 4.1.6, contains an integer overflow vulnerability. A remote attacker could use maliciously constructed ASN.1 data to potentially cause a Denial Of Service.  https://t.co/KhZpQ2djTH,,
56,CVE-2018-11055 RSA BSAFE Micro Edition Suite, versions prior to 4.0.11 (in 4.0.x) and prior to 4.1.6.1 (in 4.1.x), contains an Improper Clearing of Heap Memory Before Release ('Heap Inspection') vulnerability. Decoded PKCS #12 data ... https://t.co/aqLUCJrLGr,,
57,#DDoS attack from #Anonymous #Catalonia cripples #Bank of #Spain  website:https://t.co/FYY2c7mvwN,,,,
58,"Android vulnerability exposes users data via WiFi:

https://t.co/LoA7ltYy84",,,,
59,A Necurs botnet has been used to launch a campaign of targeted phishing emails aimed at breaching the #cyber defenses of a number of banks, according to @Computing_News' @_JohnLeonard. Read about this and more on this week's Threat Intel Brief: https://t.co/o7WVV2P4Y1,,,
60,Apache Struts vulnerability gave up access at Virgin Airlines in 2016, attacker had access to ACARS. seems that network was not segmented   https://t.co/0nZorMpNBB,,,
61,Emergency Fix for Windows 10 Task Scheduler Vulnerability Released by¬†0patch https://t.co/YmWhkspgsn https://t.co/O7dRkHO4ij,,,,
62,DDoS attack from Anonymous Catalonia cripples Bank of Spain website https://t.co/XeLB5HR1wH,,,,
63,Android 'API breaking' vulnerability leaks device data, allows user tracking #infosec https://t.co/hoTypRFec4,,,
64,"""The malware that infected the world reinvents itself | Fox News"" https://t.co/0pviGKaGzU #InfoSec #Security #CyberSecurity #DataBreach #DataProtection #CyberAttack #CyberWar #Hacker #malware #Botnet #Ransomware #Technews #RT",,,,
65,Android 'API breaking' vulnerability leaks device data, allows user tracking. https://t.co/S0UCfOgv5Y,,,
66,#cybersecurite Another patched Apache Struts vulnerability exploited https://t.co/FYZ8iCs1uz,,,,
67,"ùêÉùêÄùêàùêãùêò ùêìùêéùêè ùüì ùêÄùêíùêç
New source IPs seen in Mirai-like botnet by ASN: 
üá™üá¨ AS8452: 181 -- @telecomegypt
üá∑üá∫ AS12389: 105 -- @Rostelecom_News
üá®üá≥ AS4837: 93 -- @ChinaUnicomGlob
üá®üá≥ AS24444: 75 -- China Mobile
üáªüá≥ AS18403: 69 -- @ftelhcm",,,,
68,Another patched Apache Struts vulnerability exploited https://t.co/fS7m5lYrsc,,,,
69,Android 'API breaking' vulnerability leaks device data, allows user tracking https://t.co/i58wff9EmP #android #privacy @techrepublic #CyberSecurity #infosec,,,
70,Another patched Apache Struts vulnerability exploited https://t.co/hRm9y6p022,,,,
71,A Remote Code Execution Vulnerability Patched by Facebook - Latest Hacking News https://t.co/pdU4oklwaZ https://t.co/oGLCYWOON2,,,,
72,Another patched Apache Struts vulnerability exploited https://t.co/A3vPhamaPj,,,,
73,#PoC Code Surfaces to Exploit #Apache #Struts2 Vulnerability https://t.co/MTLQ8l5nuT by @threatpost,,,,
74,Another patched Apache Struts vulnerability exploited https://t.co/E7pQSixDEu,,,,
75,#DDoS attack from #Anonymous #Catalonia cripples #Bank of #Spain website https://t.co/9FRYL1yvjJ via @hackread #infosec #revolution #hacktivist #TangoDown,,,,
76,"RT hurricanelabs ""4-year old Misfortune Cookie¬†vulnerability threatens Capsule Technologies medical gateway device
https://t.co/2oZFCTSwjH""",,,,
77,At least Windows Defender is better at detecting variants of this exploit by now. https://t.co/duwKzfQXsE,,,,
78,"@wasmittechnik @hallstephenj @FEITIAN_Tech @Google ""The vulnerability is that in that interface, the device does NOT respect the U2F_AUTHENTICATE parameter 0x03. It acts like parameter 0x08 ... It signs the message right away without blinking the LED or waiting for the user to touch the button.""",,,,
79,This Old Ransomware Is Now Bitcoin-Stealing Malware https://t.co/5gKpQpAZW2 #arete https://t.co/O8DCRIvzb1,,,,
80,Self Hosted Website of Bank of Spain Hit by #DDoS Attack. Time to use a #CDN https://t.co/Lj43YsmHzn https://t.co/z5anYCMLG2,,,,
81,"A Remote Code Execution Vulnerability Patched by Facebook
#ai
#artificialintelligence
#cybersecurity
#cyberattack
#infosec

https://t.co/jxKLHZhIkF https://t.co/cmzBHNwr2r",,,,
82,Financial Institutions' Consumer Data Exposed in Web Platform Vulnerability https://t.co/3RCCAQxYQ1,,,,
83,Fax machines are still widely used in healthcare and a communications protocol vulnerability is leaving them exposed to cyberattacks. More here: https://t.co/AZANdpTyIc,,,,
84,"4-year old Misfortune Cookie¬†vulnerability threatens Capsule Technologies medical gateway device
https://t.co/WdgC3SrTLm",,,,
85,New post from https://t.co/9KYxtdZjkl (PostgreSQL JDBC Driver SSL Factory Man-in-the-Middle Attack Vulnerability) has been published on https://t.co/9KYxtdZjkl - https://t.co/pNN4816ORl,,,,
86,@ProHashing Site and Pool down. Maintenance, or maybe a DDoS? #prohashing #litecoinmining #Crypto,,,
87,Android vulnerability exposes users data via WiFi https://t.co/wIBGeRyVJa,,,,
88,Critical Vulnerability Patched in PHP Package Repository  https://t.co/gL8Dsyu9xq,,,,
89,"DDoS attack from Anonymous Catalonia cripples Bank of Spain website https://t.co/QH435GMdqp 
#Cyber Events #anonymous #Banking",,,,
90,"DDoS attack from Anonymous Catalonia cripples Bank of Spain website https://t.co/sAHVX5M9ZQ 
#Cyber Events #anonymous #Banking",,,,
91,"CVE-2018-4861 (scalance_m875_firmware)
https://t.co/nq7UOdHFvB
A vulnerability has been identified in SCALANCE M875 (All versions). An authe",,,,
92,"CVE-2018-3840 (renderman)
https://t.co/ZSf7K3SIIU
A denial-of-service vulnerability exists in the Pixar Renderman IT Display Service 21.6 (0",,,,
93,DDoS attack from Anonymous Catalonia cripples Bank of Spain website https://t.co/MDD0NGoidD,,,,
94,Microsoft Windows task manager contains local privilege escalation vulnerability: https://t.co/S9lOgpyL7U #NetworkSecurity https://t.co/dvWwbAb5n8,,,,
95,@TraveldooFR I've found a vulnerability in your website, can you please send me the e-mail address for your IT department?,,,
96,Bank of Spain Hit by DDoS Attack https://t.co/iPVzYGRIZa https://t.co/j6NAbCXXiO,,,,
97,"CVE-2018-7685

The decoupled download and installation steps in libzypp before 17.5.0 could lead to a corrupted RPM being left in the cache, where a later call would not display the corrupted RPM warning and allow i...https://t.co/Y7eOunKfZW

‚Äî Vulmon Vulnerability Feed (Vul‚Ä¶",,,,
98,@Gillespie1967 @ThomasHansen000 @Xbox @XboxSupport If your OWN hosted server is being DDOS that is still an attack via your ISP, If its a public server then you need to contact WildCard. They host the servers not xbox. So it is a direct attack on wildcard.,,,
99,Sony and Microsoft Game Sites Knew DDOS Attacks Were Coming, But Couldn't Stop Them https://t.co/mvxrmcenAU,,,
100,@mashtastic83 @Bungie I know it‚Äôs not bungie‚Äôs fault for the ddos bit I think a little more should be done for the victims. That is a time investment I won‚Äôt get back.,,,,
101,Miss the days when there were 40k traders getting rekt by shitty DDoS mitigation on @Poloniex,,,,
102,"@YouTube Arbitrary file download vulnerability..
Nice....
.deb or .swf files...",,,,
103,@AmbassadorZero @ThomasHansen000 @Xbox @XboxSupport He is not getting DDOS on his internet its the ark server thats getting DDOS, ARK community is toxic af on all platforms,,,
104,Android 'API breaking' vulnerability leaks device data, allows user tracking https://t.co/sqyYnCDWAH via @ZDNet &amp, @SecurityCharlie,,
105,#DailyLeak #VirtualMurderGang #1337 #IoTSecurity team IoT botnet soon will be made after this post will be a leak in a few of more logins from Windows Malware :),,,,
106,0patch beats Microsoft to patching Windows 10 task scheduler 0-day vulnerability -  https://t.co/TxnmDcuns4,,,,
107,DDoS attack from Anonymous Catalonia cripples Bank of Spain website - https://t.co/OJBpxCfmx8 #security #cybersecurity #infosec,,,,
108,What's funny is that I knew people on Skype that used to do the same thing. Apart from me (dynamic), this Russian guy I knew would just track half of our locations/DDOS us (not including me) for fun.,,,
109,Emergency Fix for Windows 10 Task Scheduler Vulnerability Released by 0patch https://t.co/WxPqqWv3Hu,,,,
110,Insecure MongoDB installation leads to another data leak @InfosecurityMag #DevOps #InfoSecurity #Security #DevSecOps #cybersecurity #healthcare #LATAM https://t.co/f0PzeLqusH https://t.co/Ya5TvNatD3,,,,
111,Vulnerability in postgresql-jdbc before version 42.2.5 could lead to man-in-the-middle attack. https://t.co/zHgJAXxx7D #cybersecurity #postgres #java,,,,
112,Warning:Microsoft Windows task manager contains local privilege escalation vulnerability | 360 Total Security Blog https://t.co/GTJmt7JKQ4,,,,
113,Cisco security advisory on #Apache #Struts vulnerability - includes updated list of products confirmed vulnerable (and not vulnerable) https://t.co/kFr5VXY8TK #cybersecurity #network #infosec https://t.co/kl8ENsZGBG,,,,
114,Spyware Company Leaves ‚ÄòTerabytes‚Äô of Selfies, Text Messages, and Location #Data Exposed Online https://t.co/dNCq7aRiYk via @motherboard,,
115,DDoS attack from Anonymous Catalonia cripples Bank of Spain website https://t.co/O5C53dEdsw,,,,
116,You can't contain me! :: Analyzing and Exploiting an Elevation of Privilege Vulnerability in Docker for Windows https://t.co/F84lnNrKOV,,,,
117,The new ransomware disguised as Windows Activator is emerging in the wild | 360 Total Security Blog https://t.co/D5OBLcCY8l,,,,
118,A New Ransomware Disguising as Windows Activator Emerging in Wild https://t.co/bu7RiBxn0h,,,,
119,Android OS API-Breaking Vulnerability Helps Hackers Steal Useful WiFi Data https://t.co/Iz6ukS4zor,,,,
120,I added a video to a @YouTube playlist https://t.co/MG8Uj93R0N Hacking mit Python - DDoS Angriffe mit Python,,,,
121,"Babel user are quite large, but there is only one maintainer. Who have to worry about bugs/vulnerability by one person. This is just a free vender company and it's not healthy. 
It would be a sadness if people only took care of OSS's ""Can use without paying"" aspect.",,,,
122,Hacker Discloses Unpatched Windows Zero-Day Vulnerability (With PoC) https://t.co/3rXs7cPvSx via @TheHackersNews Windows 10 easy to HACK? Who knew? LOL Everyone that will NEVER USE IT! ü§ì,,,,
123,@Mw3pwn113 @AzereQ Can‚Äôt beat them ddos themüòÇ,,,,
124,Mozilla Firefox 2.0.0.3 href Out-of-Bounds denial of¬†service https://t.co/lb77PBIc2Q,,,,
125,Critical Vulnerability Patched in PHP Package¬†Repository https://t.co/F0782KxRGL,,,,
126,"Cracking ransomware: RansomWarrior victims can now retrieve files for free
#cybersecurity 

 https://t.co/Q6l6TT4gGw",,,,
127,Thanks for the hint @BrianHonan . Apple Mac ‚Äúzero day‚Äù hack lets you sneakily click [OK] #vulnerability https://t.co/RwZD1PovTW,,,,
128,"How Hackers Hit Printers https://t.co/70P6RkX6gb via @DarkReading
 #Infosec #CyberSecurity #CyberAttack #Hack #Breach #Threat #DDoS  #Malware #Ransomware #Cyberwarning #Phishing #SpyWare
#Tech #Technology
@archonsec",,,,
129,@legalplace please notify your IT security team about a security vulnerability OBB-671588 on your website https://t.co/lgZLdyRr1B,,,,
130,"Cracking #ransomware: RansomWarrior victims can now retrieve files for free @ZDNet

https://t.co/Cr5WRvaxxk

 #cybersecurity #security #InfoSec https://t.co/0odXLduomd",,,,
131,@Man_like_jimmy @Bungie Until @Bungie do something about people using ddos then there ain‚Äôt much we can do happened to me the other week,,,,
132,Emergency Fix for Windows 10 Task Scheduler Vulnerability Released by 0patch https://t.co/zAXUGV1YJG via @bgdftw,,,,
133,Today I‚Äôd like to share a full path analysis including a KickBack attack which took me to gain full access to an entire Ursniff/Gozi botnet. In other words:  from a... https://t.co/cGd66fD4vl,,,,
134,DDoS attack from Anonymous Catalonia cripples Bank of Spain website https://t.co/iqF3kQsrlH,,,,
135,"DDoS attack from Anonymous Catalonia cripples Bank of Spain website -

By Waqas

The official website of Banco de Espa√±a (Bank of Spain), which is the central bank of the country, was hit by a Distributed Denial of Service (DDoS) attack on Sunday. The at‚Ä¶ https://t.co/lRH5Unu6vU",,,,
136,"A new #email campaign carrying ransomware leveraging AZORult and targeting North American users https://t.co/nSVlYzdvzX 
#OnlineSafety https://t.co/emKkCQrTUI",,,,
137,"#PatchMyPC Review
 @PatchMyPC #Microsoft #Windows #SCCM #Security #Vulnerability #Portable #App #Updater... https://t.co/oLYryj0Mg7",,,,
138,Android 'API breaking' vulnerability leaks device data, allows user tracking #infosec https://t.co/v3ddpgu0CF,,,
139,DDoS attack from Anonymous Catalonia cripples Bank of Spain website https://t.co/b6c21UTyAP,,,,
140,DDoS attack from Anonymous Catalonia cripples Bank of Spain website https://t.co/ff0OakRaY9,,,,
141,"Cryptojackers Exploit Critical Apache Struts Flaw - VIA ‚Å¶@InfosecurityMag‚Å©  #Infosec #CyberSecurity #CyberAttack #Hack #Breach #Threat #DDoS #CyberWarfare  #Malware #Ransomware #Cyberwarning 
#Phishing #SpyWare
#Tech #technology @Archonsec  https://t.co/dvTh2Ok76a",,,,
142,"Cracking ransomware: RansomWarrior victims can now retrieve files for free | ZDNet
 https://t.co/exM0RP7rv9",,,,
143,DDoS attack from Anonymous Catalonia cripples Bank of Spain website https://t.co/GzowJiNsZt,,,,
144,"Reddit Hack Exposes Two-Factor Authentication Weakness https://t.co/SzcydB47Oa
 #Infosec #CyberSecurity #CyberAttack #Hack #Breach #Threat #DDoS #CyberWarfare  #Malware #Ransomware #Cyberwarning 
#Phishing #SpyWare
#Tech #Technology @Archonsec",,,,
145,".@eSentire: #MicrosoftWindows task scheduler contains a local #privilege#scalation #vuln in the #ALPC interface 
#Vulnerability Note VU#906424
https://t.co/1ypwNyeshb
#cybercrime 
@USCERT_gov #cybersecurity #infosec #hackers #riskmanagement #cyber https://t.co/qNKuqiGQuJ",,,,
146,This vulnerability in the Download Servlet component of @Cisco‚Äôs web app was discovered by @TenableSecurity. https://t.co/ki8SWFXmzO https://t.co/ioKNtVDNwU,,,,
147,"""Chinese hotel group investigates possible leak of millions of guests' data""

From the article: ""Security experts believe the firm's database may have been accidentally uploaded to the internet.""

Well that's one way to breach data...

https://t.co/iJL4Vc1B4p https://t.co/cUEiMlhi5o",,,,
148,Last year he hacked a voting machine in mere minutes. What will Carsten Schuermann do at #BlackHat in Vegas? https://t.co/lTvAGtm01b #cybersecurity #cyberwar #vulnerability @darkreading,,,,
149,"#DDoS attack from #AnonymousCatalonia cripples Bank of #Spain website

#Security #Anonymous #Catalonia #OpCatalonia 

Read More: https://t.co/NANCgyWFVw",,,,
150,#MostRead Today: Microsoft acknowledges Windows zero-day vulnerability revealed on Twitter https://t.co/L0USHu6hEl,,,,
151,#cybersecurite : Critical Vulnerability Patched in PHP Package Repository https://t.co/NRexnoi8yz,,,,
152,"Critical Vulnerability patched in PHP package VIA ‚Å¶@SecurityWeek‚Å© 
 #Infosec #CyberSecurity #CyberAttack #Hack #Breach #Threat #DDoS #CyberWarfare  #Malware #Ransomware #Cyberwarning 
#Phishing #SpyWare
#Tech #technology @Archonsec  https://t.co/MO1UWcUI0G",,,,
153,"Third-party Patch released for Windows 
VIA ‚Å¶@SecurityWeek‚Å©  #Infosec #CyberSecurity #CyberAttack #Hack #Breach #Threat #DDoS #CyberWarfare  #Malware #Ransomware #Cyberwarning 
#Phishing #SpyWare
#Tech #technology @Archonsec  https://t.co/Gjw1B95O8t",,,,
154,Bank of Spain Hit by DDoS Attack https://t.co/oAJlf1dPLC https://t.co/vQ5hoYJbEr,,,,
155,@NeotelZA Please contact me over email. I have found a highly critical vulnerability in your domain. Hope you will respond asap @NeotelZA,,,,
156,Anonymous Catalonia Claims DDoS Attack On Bank of Spain Website https://t.co/oFMvUXRVbz,,,,
157,Hacker Discloses Unpatched Windows Zero-Day Vulnerability (With PoC) https://t.co/QulAEfGXny via @TheHackersNews,,,,
158,I could launch ETAbyte attacks as well, but that's just Trump behavior. Obsolete. We are under permanent man in the middle attacks without noticing. DDOS is the real weapon for stealing data, spoofing, sniffing, Mac address cloning. Let me upload my latest video.
159,Yet it's an open network without any encryption. Man in the middle is the most powerful weapon of hackers apart from DDOS. There is no working DOS protection if your carrier or your router is vulnerable and both are vulnerable. I easily overload a cheap router with 10 TB/s,,,,
160,With a giant botnet you can brute Force it, yet that remains trial and error. If the targeted person uses a strong password it can easily take years to crack it. So why bother with encryption if nobody wonders why the WiFi is unstable? When you are close to your router..,,,
161,"Unofficial Patch Available for Latest Windows Zero-Day Exploit

While Microsoft is still working on fixing a recently disclosed privilege escalation vulnerability in Windows, security firm ACROS Security has stepped in to provide a temporary patch for th‚Ä¶ https://t.co/aUQJoZrRSY",,,,
162,Cracking ransomware: RansomWarrior victims can now retrieve files for free https://t.co/YA4MKvji0r,,,,
163,Cracking ransomware: RansomWarrior victims can now retrieve files for free https://t.co/DEJvA49S7m via @ZDNet &amp, @dannyjpalmer,,,
164,Windows 10 Zero-Day vulnerability. Find out more here.https://t.co/aIXU2Pgwi5,,,,
165,@gwillem Same person owns brezzynetworks with another person on email deliman_261[@]hotmail[.]com who owns botnet[.]digital https://t.co/MN6QSlPDSI,,,,
166,#hackerfail the #hackers behind #ransomwarrior used aweak grade encryption, so no need to pay any ransom... https://t.co/HJ915BxJ4p,,,
167,Critical Vulnerability Patched in PHP Package Repository https://t.co/IepS95DHMP,,,,
168,"Cracking ransomware: RansomWarrior victims can now retrieve files for free

Victims of a new form of ransomware that appeared just weeks ago can now retrieve their encrypted files without having to pay a bitcoin ransom.

C:zdnet https://t.co/63Z7wyJlcs",,,,
169,Top story: Microsoft patch awaited for zero-day vulnerability https://t.co/YQ7v21r0Xa, see more https://t.co/AvnH9NOasC,,,
170,@danielverlaan SQL injection.,,,,
171,#cybersecurite : Cracking ransomware: RansomWarrior victims can now retrieve files for free https://t.co/EZglVxR6X2,,,,
172,Cracking ransomware: RansomWarrior victims can now retrieve files for free https://t.co/IAdteVrW5o via @ZDNet &amp, @dannyjpalmer,,,
173,Vulnerability in the Gift Vouchers plugin through 2.0.1 for #WordPress allows #SQL Injection. https://t.co/bXzIUPVK84 #cybersecurity,,,,
174,So many missteps: after #ransomware paid to decrypt. Somehow gave files with sensitive data to attackers. Obvious #databreach, but more questions. https://t.co/zKC6m1MEcn #HIPAA https://t.co/UeSo7vTMcu,,,
175,Misfortune Cookie vulnerability returns to impact medical devices -https://t.co/8G8srWaqgn #GoogleAlerts,,,,
176,#Android #APIbreaking #vulnerability leaks device data, allows user tracking | ZDNet https://t.co/t3Wgy36eOZ #mobilesec https://t.co/vC4f8eDyBv,,,
177,Critical #Cybersecurity Vulnerability Found in BD Alaris Plus Pump https://t.co/Ab8HA1oF52,,,,
178,Critical #Cybersecurity Vulnerability Found in BD Alaris Plus Pump https://t.co/LfieSq7f0W,,,,
179,New post (Nord VPN 6.14.31 Denial Of Service) has been published on https://t.co/bW25zCMbLf - https://t.co/aAxyQ09f5m https://t.co/DJokITQwiH,,,,
180,Critical #Cybersecurity Vulnerability Found in BD Alaris Plus Pump https://t.co/koCB6fq3OT,,,,
181,Critical #Cybersecurity Vulnerability Found in BD Alaris Plus Pump https://t.co/zbZAOfivWY,,,,
182,Critical #Cybersecurity Vulnerability Found in BD Alaris Plus Pump https://t.co/jbuVPKL0ai,,,,
183,Critical #Cybersecurity Vulnerability Found in BD Alaris Plus Pump https://t.co/r4EgaLTthI,,,,
184,Critical #Cybersecurity Vulnerability Found in BD Alaris Plus Pump https://t.co/PYRnhG61Gk,,,,
185,New post (NetworkActiv Web Server 4.0 Pre-Alpha-3.7.2 Denial Of Service) has been published on https://t.co/bW25zCMbLf - https://t.co/Bez8MWg3Va https://t.co/PDUePj7JkL,,,,
186,New post (Trillian 6.1 Build 16 Denial Of Service) has been published on https://t.co/bW25zCMbLf - https://t.co/HfmB9lbO76 https://t.co/NDkmMeCcf1,,,,
187,NetworkActiv Web Server 4.0 Pre-Alpha-3.7.2 Denial Of Service https://t.co/IHwCDWVZ2u,,,,
188,Nord VPN 6.14.31 Denial Of Service https://t.co/ZdIzHsDY4b,,,,
189,I CANT TELL IF IM GETTING DDOS'D OR MY INTERNET IS FUCKIN UP SOMEONE HELP IM PIST,,,,
190,I said this before and I‚Äôm saying it again, iOS 12 will be quite fun‚Ä¶ https://t.co/paa3TLyZRc,,,
191,@YobitExchange Fuck ddos I need my eth back cause I sent to your scamming website,,,,
192,Nord VPN 6.14.31 Denial Of Service https://t.co/76rcpFwojg,,,,
193,This is geat! 2 factor authentication works, but text-style's showed some vulnerability. Google's 2FA app is my favorite, but I'd like to try this. Bit if the old school comes back en vouge. https://t.co/1iHURGNRCp,,
194,"Both machines' passwords got brute forced and taken control by 2 unrelated parties, ransomware and botnet tools were downloaded

Welp now I know people are literally scanning for these IPs and it take long for them to be found.
We had no impt files in those machines.",,,,
195,"first time encountered a ransomware attack (luckily on non important machines)
How it came about:
We had many cloud machines used for a contest and we would assign them to outside people to use, so remote desktop was open to public.",,,,
196,Epic Wanted #Google Not to Report Fortnite #Android Vulnerability Immediately  #gadget #smartphone #iphone #android #technology #cellphone #tech #google #releasedate #review  https://t.co/eeNUAq1vcU,,,,
197,New post (Skype Empresarial Office 365 16.0.10730.20053 Denial Of Service) has been published on https://t.co/bW25zCMbLf - https://t.co/m0UOi16OLp https://t.co/ycpaeO2XGL,,,,
198,New post (ipPulse 1.92 TCP Port Denial Of Service) has been published on https://t.co/bW25zCMbLf - https://t.co/6IcHdUVLGM https://t.co/0WU0bViPqK,,,,
199,New post (Immunity Debugger 1.85 Denial Of Service) has been published on https://t.co/bW25zCMbLf - https://t.co/Z0xDZeXGML https://t.co/9dHSgiG7qP,,,,
200,AARRRRGGGHH!! Android phones still vulnerable to old phone line &amp, modem AT commands:  https://t.co/DF1crFwpVp via @WIRED,,,
201,US presses charges against Washington man allegedly linked to Satori IoT botnet - SC Magazine #iot https://t.co/NWeqjGmid3,,,,
202,"Microsoft obliquely acknowledges Windows 0-day bug published on Twitter https://t.co/8picCQdjtO

#Cybersecurity #cybercrime #cyberattacks #hacker #hack #breach #phishing #dos #ransomware #malware  #virus #apt #pii #nist #fcc #finra #hipaa #pci https://t.co/JnyM1uYTUc",,,,
203,Update: HD Tune Pro 5.70 Denial Of Service https://t.co/etWZXozn8V,,,,
204,Update: Drive Power Manager 1.10 Denial Of Service https://t.co/27hFD1iLD7,,,,
205,Update: Cisco AnyConnect Secure Mobility Client 4.6.01099 Denial Of Service https://t.co/j0r73vMPp4,,,,
206,Update: NASA openVSP 3.16.1 Denial Of Service https://t.co/geKbyDQhbY,,,,
207,Update: Immunity Debugger 1.85 Denial Of Service https://t.co/ZndH0fCzpl,,,,
208,Update: ipPulse 1.92 TCP Port Denial Of Service https://t.co/94n90sE8HS,,,,
209,Update: Fathom 2.4 Denial Of Service https://t.co/DVy0R4oI1V,,,,
210,Update: Skype Empresarial Office 365 16.0.10730.20053 Denial Of Service https://t.co/JUdsEEM1ek,,,,
211,Cisco AnyConnect Secure Mobility Client 4.6.01099 Denial Of Service https://t.co/mOWuFmgGEJ,,,,
212,Update: Easy PhotoResQ 1.0 Denial Of Service https://t.co/Z4BxeihpmI,,,,
213,Update: Trillian 6.1 Build 16 Denial Of Service https://t.co/dBwpNy7vo1,,,,
214,Update: NetworkActiv Web Server 4.0 Pre-Alpha-3.7.2 Denial Of Service https://t.co/3KUmkbYmdg,,,,
215,Update: Nord VPN 6.14.31 Denial Of Service https://t.co/w1PHKxJSXm,,,,
216,Nearly 15 Million Texas Voters Reportedly Exposed by Data Leak https://t.co/C3o0DOTBvq,,,,
217,Newbie Hacker Fingered for Monster Botnet https://t.co/gGmm6bEQuW,,,,
218,Network Manager VPNC Username Privilege Escalation: This Metasploit module exploits an injection vulnerability in‚Ä¶ https://t.co/liw11J89aD,,,,
219,Nord VPN 6.14.31 Denial Of Service https://t.co/jH9y9rnaYs,,,,
220,Nord VPN 6.14.31 Denial Of Service: Nord VPN version 6.14.31 suffers from a denial of service vulnerability. https://t.co/ruf73cbStG,,,,
221,NetworkActiv Web Server 4.0 Pre-Alpha-3.7.2 Denial Of Service https://t.co/v8HXaxk8U4,,,,
222,Trillian 6.1 Build 16 Denial Of Service https://t.co/4C1C425JlC,,,,
223,NetworkActiv Web Server 4.0 Pre-Alpha-3.7.2 Denial Of Service: NetworkActiv Web Server version 4.0 Pre-Alpha-3.7.2‚Ä¶ https://t.co/TJ7l6GIluG,,,,
224,Cisco AnyConnect Secure Mobility Client 4.6.01099 Denial Of Service https://t.co/U3Ww2D37mZ,,,,
225,Easy PhotoResQ 1.0 Denial Of Service https://t.co/qDBzY3hy55,,,,
226,Drive Power Manager 1.10 Denial Of Service https://t.co/yJam7hoetI,,,,
227,Nord VPN 6.14.31 Denial Of Service https://t.co/K3ZekZUnB5,,,,
228,NetworkActiv Web Server 4.0 Pre-Alpha-3.7.2 Denial Of Service https://t.co/rh2ubHwvUI,,,,
229,Easy PhotoResQ 1.0 Denial Of Service https://t.co/r2s04QQ08L,,,,
230,@88gals please notify your IT security team about a security vulnerability OBB-671392 on your website https://t.co/aWd2d2QGr5,,,,
231,Trillian 6.1 Build 16 Denial Of Service https://t.co/nEN28wvUt1,,,,
232,@brilionet please notify your IT security team about a security vulnerability OBB-671386 on your website https://t.co/jCKBazpyV2,,,,
233,@ibkr please notify your IT security team about a security vulnerability OBB-671364 on your website https://t.co/UzQoOfn4vA,,,,
234,When is someone going to use a botnet to take down canarydegeneracy?,,,,
235,Justice Department Warns It Might Not Be Able To Prosecute Voting Machine Hackers: https://t.co/egzUhi7EmZ #slashdot An anonymous reader quotes a report from Motherboard: After more than a decade of headlines about the vulnerability of U.S. voting machines to hacking, it turns ‚Ä¶,,,
236,#Slashdot Justice Department Warns It Might Not Be Able To Prosecute Voting Machine Hackers https://t.co/y9sOBQzRls An anonymous reader quotes a report from Motherboard: After more than a decade of headlines about the vulnerability of U.S. voting machines to hacking, it turns o‚Ä¶,,,
237,ownCloud 0.1.2 User Impersonation Authorization Bypass: ownCloud version 0.1.2 suffers from a user impersonation authorization bypass vulnerability. https://t.co/qzHOHY8vrt,,,,
238,Network Manager VPNC Username Privilege Escalation: This Metasploit module exploits an injection vulnerability in the Network Manager VPNC plugin to gain root privileges. This Metasploit module uses a new line injection vulnerability in the configured‚Ä¶ https://t.co/EAvSqMLs7w,,,,
239,Nord VPN 6.14.31 Denial Of Service: Nord VPN version 6.14.31 suffers from a denial of service vulnerability. https://t.co/W8xFHzitGQ,,,,
240,"""Nord VPN 6.14.31 Denial Of Service"" https://t.co/Hf29u6jKTw #security",,,,
241,"""Trillian 6.1 Build 16 Denial Of Service"" https://t.co/Mb44UnuTmq #security",,,,
242,"""NetworkActiv Web Server 4.0 Pre-Alpha-3.7.2 Denial Of Service"" https://t.co/Olq2ovG3z4 #security",,,,
243,"""Easy PhotoResQ 1.0 Denial Of Service"" https://t.co/negOqunWVH #security",,,,
244,DDoS Attack Knocks Down Spain Central Bank&amp,#39,s Website - KoDDoS Blog https://t.co/MFOXlcjQjY,,
245,@hologramvin we get it, you‚Äôre trying to trap an android in an infinite loop so you can exploit her vulnerability for nefarious purposes, but it‚Äôs not going to work,,
246,i don't open our DDoS prot provider to the Owner asking me cause if you suck your titties ma‚Äôam,,,,
247,@Deysanax im gonna ddos u i stg,,,,
248,#Cisco AnyConnect Secure Mobility Client 4.6.01099 #Denial Of #Service https://t.co/BVlFu1SnSq #PacketStorm,,,,
249,ipPulse 1.92 TCP Port Denial Of Service (Packet Storm Security Exploits) https://t.co/JKQbXO91Az,,,,
250,NASA openVSP 3.16.1 Denial Of Service (Packet Storm Security Exploits) https://t.co/3Ejf5aW9yP,,,,
251,Immunity Debugger 1.85 Denial Of Service (Packet Storm Security Exploits) https://t.co/G8lvJX0DxE,,,,
252,Protect  your customers  access Prestashop Anti DDoS Attack #Prestashop  https://t.co/xUGxiI8zw8 https://t.co/PlrVj7QYTh,,,,
253,There is a #retropi in this #dwelling that thinks he is better than me. #DDoS to his #IP sent. I am the #alphabot,,,,
254,Bank of #Spain hit with #DDoS attack https://t.co/ZAYgrX44LK via @scmagazine #informedsecurity https://t.co/GPOyrMY6rJ,,,,
255,Skype Empresarial Office 365 16.0.10730.20053 Denial Of Service https://t.co/admJAfC35T,,,,
256,Fathom 2.4 Denial Of Service https://t.co/knHJTgEoNX,,,,
257,Immunity Debugger 1.85 Denial Of Service https://t.co/pegEYj8hV9,,,,
258,"https://t.co/BMHekZVQeH

0patch beats Microsoft to patching Windows 10 task scheduler 0-day vulnerability",,,,
259,Fathom 2.4 #Denial Of #Service https://t.co/cxKf3COnAo #PacketStorm,,,,
260,Immunity Debugger 1.85 #Denial Of #Service https://t.co/EJEciTLlqN #PacketStorm,,,,
261,"@ShutUpShow susdsearch has been offline since you guys first got hit by that DDOS attack, but I finally went and kicked it back online this last week: https://t.co/EyOdkYw0yv

Thanks for being awesome ‚ù§Ô∏è",,,,
262,"Researchers find a botnet of high wattage devices could give attackers the ability to launch large-scale coordinated attacks on the power grid, they're calling it ""Manipulation of demand via IoT"" attacks, or MadIoT.
https://t.co/nwVZZer1vr",,,,
263,Episerver 7 Patch 4 XML Injection: Episerver version 7 patch 4 suffers from an XML external entity injection vulnerability. https://t.co/8MHfpgvxxJ,,,,
264,Skype Empresarial Office 365 16.0.10730.20053 Denial Of Service: Skype Empresarial Office 365 version 16.0.10730.20053 suffers from a denial of service vulnerability. https://t.co/H98SqmAzZ6,,,,
265,ipPulse 1.92 TCP Port Denial Of Service: ipPulse version 1.92 suffers from a denial of service vulnerability. https://t.co/vMputq71WG,,,,
266,Immunity Debugger 1.85 Denial Of Service: Immunity Debugger version 1.85 suffers from a denial of service vulnerability. https://t.co/wvNamYZOor,,,,
267,NASA openVSP 3.16.1 Denial Of Service: NASA openVSP version 3.16.1 suffers from a denial of service vulnerability. https://t.co/LYCmOz4bkU,,,,
268,New post (Cisco AnyConnect Secure Mobility Client 4.6.01099 Denial Of Service) has been published on https://t.co/bW25zCMbLf - https://t.co/xg1aEWPAdy,,,,
269,Hacker Discloses Unpatched Windows Zero-Day Vulnerability (With PoC) https://t.co/UrHOe4RLRu,,,,
270,"""Skype Empresarial Office 365 16.0.10730.20053 Denial Of Service"" https://t.co/hvnMyDy6IW #security",,,,
271,"""Fathom 2.4 Denial Of Service"" https://t.co/OVpM7ohODZ #security",,,,
272,"""Immunity Debugger 1.85 Denial Of Service"" https://t.co/2f9OX2d7ks #security",,,,
273,Skype Empresarial Office 365 16.0.10730.20053 Denial Of Service https://t.co/tEZxuBrf0a,,,,
274,Fathom 2.4 Denial Of Service https://t.co/571GKwz18g,,,,
275,Hakin9: We survived a DDoS attack that peaked at 250k requests-per-second. It cost us $10 https://t.co/DE0HUKfgv5 #infosec #hacking #hackers #pentesting #pentest #programming #opensource #cybersecurity #DDoS #cyberattack,,,,
276,Immunity Debugger 1.85 Denial Of Service https://t.co/LfEjUZk0o7,,,,
277,ipPulse 1.92 TCP Port Denial Of Service: ipPulse version 1.92 suffers from a denial of service vulnerability. https://t.co/DxyQAgTFKf,,,,
278,Immunity Debugger 1.85 Denial Of Service: Immunity Debugger version 1.85 suffers from a denial of service‚Ä¶ https://t.co/sE2iMkwhPr,,,,
279,NASA openVSP 3.16.1 Denial Of Service: NASA openVSP version 3.16.1 suffers from a denial of service vulnerability. https://t.co/P86P5m5rP2,,,,
280,"Active Attacks Detected Using Apache Struts Vulnerability CVE-2018-11776 https://t.co/sKyJ7Xkkw8
#Security #ApacheStruts",,,,
281,We survived a DDoS attack that peaked at 250k requests-per-second. It cost us $10 https://t.co/zrRaaeMryM #infosec #hacking #hackers #pentesting #pentest #programming #opensource #cybersecurity #DDoS #cyberattack,,,,
282,Temporary Patch Available for Recent #Windows Task Scheduler #ALPC Zero-Day https://t.co/ZL6N6rAgJm via @BleepinComputer #0day #ITSecurity,,,,
283,@BitcoinGuruInfo The only way to prove a vulnerability is to give the source code  assuming it's an open source &amp, issue a bounty see what happens then draw logical conclusions üòé,,,
284,"On PS4, 
ALLupINya1979
RichNogiQuan
insapon12
WayUpInYa- 

Are so bad at the game they have to ddos to win in comp. @BungieHelp 
just happened to us twice in a row.",,,,
285,Servers ‚Äòsubstantially‚Äô restored after $250K ransom demand in Coweta https://t.co/j4ju545YeH #malware #ransomware #exploit https://t.co/fFXxzW42Kz,,,,
286,RCE affecting a huge number of HP printers (lots are internet connected) https://t.co/W9WctgBqAa,,,,
287,We're currently working on dealing with these relentless DDoS attacks. I will update you guys soon.,,,,
288,XSS Vulnerability in Universal Studios Singapore's website https://t.co/cNMla1uli2,,,,
289,Microsoft Windows zero-day vulnerability disclosed through Twitter | ZDNet https://t.co/cpGXLUgkrt,,,,
290,@StriveNetwork @rydan @cbrady350 DDoS narrr... that to lame. Im a come and jack your DB and shutdown strivepvp. But only if your still there Platform. Someone told me u maybe selling ur % thank god!,,,,
291,'Insight' into Home Automation Reveals Vulnerability in Simple IoT Product | McAfee Blogs https://t.co/W57BXrlbDW #IAmMcAfee https://t.co/lAQELqPzaB,,,,
292,Looks like we were ddos'd over 10gbit, someone loves us. Data center is fixing their shit now. https://t.co/bGt7kQAKdx,,,
293,"HMC Says Ransomware Attack Turned Into Healthcare Data Breach 
#HealthCareDataSecurity #HospitalRansomware #HealthCareDataBreach
https://t.co/6rgwLufwaU by @SecurityHIT",,,,
294,"law in Fiserv banking platform exposed personal data 
#CyberSecurity #Vulnerability #DataBreach 
https://t.co/eSDEX1DKgw",,,,
295,OpenSSH vulnerability affecting all versions back to 1999... #openssh #vulnerability #security https://t.co/tIPzzMEmvS,,,,
296,Will upload some of yesterday's videos which died during the latest DDOS.,,,,
297,"CVE-2018-1000532 (beep)
https://t.co/CaKbo38UEg
beep version 1.3 and up contains a External Control of File Name or Path vulnerability in --",,,,
298,"(good slides): 

The Advanced Exploitation of 64-bit Edge Browser Use-After-Free Vulnerability on Windows 10:

https://t.co/Sk5epLIvOd

#exploitation #windows10 #vulnerability",,,,
299,Data leak from Huazhu Hotels may affect 130 million customers https://t.co/RRXVTAWnIu,,,,
300,Instagram App 41.1788.50991.0 #Denial Of #Service https://t.co/pTsuQe2HT9 #PacketStorm,,,,
301,Protect  your customers  access Prestashop Anti DDoS Attack #Prestashop  https://t.co/xUGxiI8zw8 https://t.co/hXmPX30FmK,,,,
